schedule,partition,base_objective,half_step_objective,objective_delta,max_absolute_terminal_burden_delta,max_absolute_auc_delta
010111101111,search,3.5992262002780837,3.5992000649941183,-2.6135283965444955e-05,6.244517862796783e-07,9539.378880858421
010111101111,evaluation,1.800158444283469,1.8001216643184195,-3.6779965049582586e-05,4.0689483284950256e-05,18268.072611540556
110111001111,search,3.614583391453389,3.614571888848683,-1.1502604706059572e-05,1.5692785382270813e-07,4198.450781822205
110111001111,evaluation,1.6849053308417172,1.684891908080981,-1.3422760736236938e-05,1.880573108792305e-06,7225.521551847458
011110110111,search,3.6041090731990693,3.604089358564816,-1.9714634253098495e-05,3.3993273973464966e-08,7195.841520726681
011110110111,evaluation,1.754566260605468,1.7545371459407004,-2.9114664767515563e-05,9.527429938316345e-07,14635.46230661869
011101101111,search,3.6027771069599543,3.6027566964414044,-2.0410518549951462e-05,1.8719583749771118e-07,7449.839345097542
011101101111,evaluation,1.7572798859802008,1.7572501478576688,-2.9738122532041444e-05,1.973472535610199e-06,14617.102987080812
011101111011,search,3.604185740384453,3.6041654705791473,-2.0269805305783706e-05,1.2991949915885925e-07,7398.4789898991585
011101111011,evaluation,1.7626413376215768,1.7626117957157614,-2.9541905815388958e-05,1.6628764569759369e-06,14661.13871666789
011011101111,search,3.60143870837819,3.601416705888851,-2.200248933892368e-05,3.80445271730423e-07,8030.908753752708
011011101111,evaluation,1.7677955896229731,1.7677643710078685,-3.121861510457791e-05,4.628673195838928e-06,14677.64262020588
