schedule,burden_weight,resistant_weight,dose_weight,objective,mean_loss,std_loss,worst_loss,tumors
010111101111,1.0,0.5,0.1,2.2858465660903873,2.2858465660903873,0.0,2.2858465660903873,1
010111101111,1.0,0.5,0.25,2.398346566090387,2.398346566090387,0.0,2.398346566090387,1
010111101111,1.0,0.5,0.5,2.585846566090387,2.585846566090387,0.0,2.585846566090387,1
010111101111,1.0,1.0,0.1,3.486726200278084,3.486726200278084,0.0,3.486726200278084,1
010111101111,1.0,1.0,0.25,3.5992262002780837,3.5992262002780837,0.0,3.5992262002780837,1
010111101111,1.0,1.0,0.5,3.7867262002780837,3.7867262002780837,0.0,3.7867262002780837,1
010111101111,1.0,2.0,0.1,5.888485468653477,5.888485468653477,0.0,5.888485468653477,1
010111101111,1.0,2.0,0.25,6.000985468653477,6.000985468653477,0.0,6.000985468653477,1
010111101111,1.0,2.0,0.5,6.188485468653477,6.188485468653477,0.0,6.188485468653477,1
110111001111,1.0,0.5,0.1,2.1850023292182863,2.1850023292182863,0.0,2.1850023292182863,1
110111001111,1.0,0.5,0.25,2.297502329218286,2.297502329218286,0.0,2.297502329218286,1
110111001111,1.0,0.5,0.5,2.485002329218286,2.485002329218286,0.0,2.485002329218286,1
110111001111,1.0,1.0,0.1,3.502083391453389,3.502083391453389,0.0,3.502083391453389,1
110111001111,1.0,1.0,0.25,3.614583391453389,3.614583391453389,0.0,3.614583391453389,1
110111001111,1.0,1.0,0.5,3.802083391453389,3.802083391453389,0.0,3.802083391453389,1
110111001111,1.0,2.0,0.1,6.136245515923595,6.136245515923595,0.0,6.136245515923595,1
110111001111,1.0,2.0,0.25,6.248745515923595,6.248745515923595,0.0,6.248745515923595,1
110111001111,1.0,2.0,0.5,6.436245515923595,6.436245515923595,0.0,6.436245515923595,1
011110110111,1.0,0.5,0.1,2.239399921286664,2.239399921286664,0.0,2.239399921286664,1
011110110111,1.0,0.5,0.25,2.351899921286664,2.351899921286664,0.0,2.351899921286664,1
011110110111,1.0,0.5,0.5,2.539399921286664,2.539399921286664,0.0,2.539399921286664,1
011110110111,1.0,1.0,0.1,3.4916090731990694,3.4916090731990694,0.0,3.4916090731990694,1
011110110111,1.0,1.0,0.25,3.6041090731990693,3.6041090731990693,0.0,3.6041090731990693,1
011110110111,1.0,1.0,0.5,3.7916090731990693,3.7916090731990693,0.0,3.7916090731990693,1
011110110111,1.0,2.0,0.1,5.99602737702388,5.99602737702388,0.0,5.99602737702388,1
011110110111,1.0,2.0,0.25,6.10852737702388,6.10852737702388,0.0,6.10852737702388,1
011110110111,1.0,2.0,0.5,6.29602737702388,6.29602737702388,0.0,6.29602737702388,1
011101101111,1.0,0.5,0.1,2.2453423729109225,2.2453423729109225,0.0,2.2453423729109225,1
011101101111,1.0,0.5,0.25,2.3578423729109224,2.3578423729109224,0.0,2.3578423729109224,1
011101101111,1.0,0.5,0.5,2.5453423729109224,2.5453423729109224,0.0,2.5453423729109224,1
011101101111,1.0,1.0,0.1,3.4902771069599545,3.4902771069599545,0.0,3.4902771069599545,1
011101101111,1.0,1.0,0.25,3.6027771069599543,3.6027771069599543,0.0,3.6027771069599543,1
011101101111,1.0,1.0,0.5,3.7902771069599543,3.7902771069599543,0.0,3.7902771069599543,1
011101101111,1.0,2.0,0.1,5.980146575058019,5.980146575058019,0.0,5.980146575058019,1
011101101111,1.0,2.0,0.25,6.092646575058019,6.092646575058019,0.0,6.092646575058019,1
011101101111,1.0,2.0,0.5,6.280146575058019,6.280146575058019,0.0,6.280146575058019,1
011101111011,1.0,0.5,0.1,2.2420458468918323,2.2420458468918323,0.0,2.2420458468918323,1
011101111011,1.0,0.5,0.25,2.354545846891832,2.354545846891832,0.0,2.354545846891832,1
011101111011,1.0,0.5,0.5,2.542045846891832,2.542045846891832,0.0,2.542045846891832,1
011101111011,1.0,1.0,0.1,3.4916857403844532,3.4916857403844532,0.0,3.4916857403844532,1
011101111011,1.0,1.0,0.25,3.604185740384453,3.604185740384453,0.0,3.604185740384453,1
011101111011,1.0,1.0,0.5,3.791685740384453,3.791685740384453,0.0,3.791685740384453,1
011101111011,1.0,2.0,0.1,5.990965527369696,5.990965527369696,0.0,5.990965527369696,1
011101111011,1.0,2.0,0.25,6.103465527369695,6.103465527369695,0.0,6.103465527369695,1
011101111011,1.0,2.0,0.5,6.290965527369695,6.290965527369695,0.0,6.290965527369695,1
011011101111,1.0,0.5,0.1,2.2563268972570767,2.2563268972570767,0.0,2.2563268972570767,1
011011101111,1.0,0.5,0.25,2.3688268972570765,2.3688268972570765,0.0,2.3688268972570765,1
011011101111,1.0,0.5,0.5,2.5563268972570765,2.5563268972570765,0.0,2.5563268972570765,1
011011101111,1.0,1.0,0.1,3.48893870837819,3.48893870837819,0.0,3.48893870837819,1
011011101111,1.0,1.0,0.25,3.60143870837819,3.60143870837819,0.0,3.60143870837819,1
011011101111,1.0,1.0,0.5,3.78893870837819,3.78893870837819,0.0,3.78893870837819,1
011011101111,1.0,2.0,0.1,5.9541623306204166,5.9541623306204166,0.0,5.9541623306204166,1
011011101111,1.0,2.0,0.25,6.066662330620416,6.066662330620416,0.0,6.066662330620416,1
011011101111,1.0,2.0,0.5,6.254162330620416,6.254162330620416,0.0,6.254162330620416,1
