schedule,partition,true_objective,predicted_objective
00000000,validation,8.216698561869215,7.492132709532925
00000001,training,7.409659057761928,6.952622026621843
00000010,training,6.475836509773247,6.191523704963758
00000011,training,6.267362758786758,5.844336434727518
00000100,training,5.912236440476715,5.8553210142117775
00000101,training,5.47001225122251,5.4610984759597745
00000110,validation,5.17531573125477,4.880319219949381
00000111,validation,5.092864544909331,4.678420094372219
00001000,training,5.66859374408778,5.653661972154352
00001001,training,5.045111872678801,5.173759398742759
00001010,validation,4.534924548048775,4.669293579713945
00001011,training,4.356552236549007,4.381714418977194
00001100,validation,4.3481930103787985,4.39780329260493
00001101,training,4.1057629393318775,4.063188863852416
00001110,validation,4.004937737601361,3.739042110471293
00010000,training,5.590504033127994,5.453275661572814
00010001,training,4.877815850495383,4.912323281125328
00010010,training,4.242380787921543,4.407960450849273
00010011,training,3.9905576841671517,4.059331483076628
00010100,training,3.989435035009696,4.14578780686008
00010101,training,3.6044649896168295,3.7501235710716725
00010110,training,3.4341012856993953,3.4260798064433082
00010111,training,3.294787360306259,3.2227389833297426
00011000,training,3.9203670303172284,4.059139244373887
00011001,training,3.4834762860420336,3.57779497342589
00011010,validation,3.2681985392632162,3.330064645779105
00011011,training,3.0893705357466406,3.0410437875059495
00011100,training,3.2056536253165575,3.132604405432879
00011101,validation,3.008531157849688,2.79654827914396
00100000,validation,5.570449347931402,5.381173191041066
00100001,training,4.828378490829551,4.8383933126715135
00100010,training,4.152589114125675,4.311429730990337
00100011,training,3.859355308930572,3.9609732652956264
00100100,training,3.912924081586219,4.070964004322949
00100101,validation,3.4254579757110397,3.673472270612476
00100110,validation,3.235196259361357,3.3268277545789893
00100111,validation,3.016591478100111,3.1216594335433587
00101000,training,3.867732081650031,3.9684425984113254
00101001,training,3.2992815498333226,3.4852708295412613
00101010,validation,3.0693116895537966,3.214939750489356
00101011,validation,2.753346311735562,2.924091394294133
00101100,training,2.998306562921914,3.0391864274649345
00101101,validation,2.637729121587819,2.701302803253949
00101110,training,2.584022517738588,2.6112907898497344
00110000,validation,3.8587256813347004,3.887368512953209
00110001,training,3.268359920318075,3.3431469370472513
00110010,training,3.0337758501688326,3.072918846748104
00110011,training,2.6818942842499265,2.721020683516989
00110100,validation,2.960046696962493,2.906483166843505
00110101,training,2.5468111359727796,2.507549735596627
00110110,training,2.4772345602608397,2.41764071094517
00110111,validation,2.2584215817960533,2.211030692373134
00111000,training,2.942184510867664,2.9189722405031144
00111001,training,2.5095693725524484,2.434358774096646
00111010,validation,2.4288384139998724,2.42076318642677
00111011,training,2.1990045189522824,2.1284731326951434
01000000,validation,5.566136751975313,5.5526360446578735
01000001,validation,4.816311669809151,4.9237615043186995
01000010,training,4.132167795833142,4.364341882844925
01000011,training,3.823501105046855,3.9277907551805935
01000100,validation,3.934137438967982,4.190839535555856
01000101,validation,3.392893798323997,3.707253139875762
01000110,training,3.206685887671907,3.328152584049678
01000111,training,2.9360111229640364,3.036889601044426
01001000,training,3.9493448939563356,4.036831573297179
01001001,training,3.303219842659582,3.4675651424574943
01001010,validation,3.112185483270358,3.1647780236129908
01001011,training,2.6835306952471636,2.787835005448148
01001100,training,3.0589668704761612,3.0559880799668875
01001101,training,2.568528369695591,2.632009793786282
01001110,training,2.5163725361325433,2.5095417405894693
01010000,validation,3.964513610665227,4.041413066949642
01010001,training,3.290113441942945,3.411096829074064
01010010,training,3.1225146696823156,3.1084126989823186
01010011,validation,2.63177713522001,2.670419873781583
01010100,validation,3.0891292748058214,3.008940398456039
01010101,training,2.512365473502442,2.5239123052395396
01010110,training,2.445244935611839,2.4015472407954856
01010111,training,2.1006039033858253,2.1088425602538283
01011000,training,3.0840275913482342,2.969942915768593
01011001,training,2.4783782709865445,2.399234787392504
01011010,training,2.3925288901093458,2.3531831599300297
01011011,validation,2.0246674812627754,1.9747984442287825
01011100,training,2.371534877805387,2.318423263046715
01011101,training,1.990296054371909,1.8930032793297054
01100000,training,3.968296024952717,4.021960486710206
01100001,validation,3.28636849433489,3.389816750912562
01100010,training,3.126650447289399,3.0645318694156956
01100011,training,2.6192503646911116,2.624711546292893
01100100,training,3.1018377174284897,2.98676648621122
01100101,training,2.501626023917026,2.499910895072655
01100110,training,2.42995932947179,2.354945079223479
01100111,training,2.062960456913316,2.060412900759756
01101000,training,3.0999675592327196,2.9318961600983435
01101001,validation,2.467642245283659,2.3593605338001886
01101010,training,2.3710635738785157,2.2907081549325934
01101011,training,1.97487528732458,1.9104959413092795
01101100,training,2.345276717871501,2.277655175371083
01101101,training,1.9314196312803484,1.8504076937320075
01101110,training,1.9213748835462698,1.9620743805121021
01110000,training,3.1002986082416637,3.0557898788742275
01110001,validation,2.4594641799738888,2.4222044455401797
01110010,validation,2.355926765721133,2.3536550554253424
01110011,training,1.9511703257929163,1.9123930347661355
01110100,training,2.326822719713678,2.3499197189836547
01110101,training,1.9019641910483676,1.8616224303086852
01110110,validation,1.8891816592717692,1.9733921058415387
01110111,training,1.6274116772673184,1.677418229841411
10000000,validation,5.5652587629122365,5.594315536660472
10000001,training,4.8134584928491195,4.973079274899932
10000010,training,4.127447054180862,4.387947223168176
10000011,training,3.814526375803003,3.9590343740824774
10000100,training,3.9460837961573434,4.188615292274042
10000101,validation,3.3883276813336605,3.7126671751725806
10000110,training,3.2054611006034417,3.3078541890885145
10000111,training,2.9162649265492506,3.0242294846618947
10001000,training,3.991570608996527,4.09086099112874
10001001,validation,3.3215535069082183,3.5292328388676886
10001010,training,3.1537608112756246,3.2007332897652034
10001011,validation,2.677139283610723,2.8314285501789938
10001100,training,3.111451612333538,3.0661137625140356
10001101,training,2.566197056424661,2.6497737549120624
10001110,training,2.519195085315048,2.501593271457268
10010000,training,4.021075698236748,4.07748475943605
10010001,validation,3.321574093646091,3.4548068001391057
10010010,training,3.19379928071192,3.1264102397893785
10010011,validation,2.6405549129566723,2.696055693167276
10010100,training,3.1856894765641552,3.001108355658033
10010101,training,2.5380817979978834,2.523718541020167
10010110,training,2.482507749890699,2.3756410463181314
10010111,training,2.076618548174176,2.090574644355107
10011000,training,3.1895594152718987,3.0183645340839647
10011001,training,2.5101947676000944,2.4552946842865087
10011010,validation,2.4350644743272665,2.3835306265660527
10011011,training,1.9996643289905682,2.0127841894434386
10011100,validation,2.4178197440897065,2.3229411460776728
10011101,validation,1.9643180944034928,1.9051594409392951
10100000,validation,4.028769736070016,4.053688176797945
10100001,training,3.3214325259714914,3.4291827195789333
10100010,training,3.206800966865901,3.078185407824086
10100011,training,2.6329054608031126,2.6460033632799167
10100100,validation,3.2138663623729813,2.974590441014545
10100101,training,2.5395059344328246,2.495373128454613
10100110,training,2.482708883851769,2.3246948823474556
10100111,training,2.0465670971553864,2.0378009824623655
10101000,training,3.2239269872099157,2.9759737760150458
10101001,training,2.515243339482346,2.411076428295523
10101010,training,2.4323769975887384,2.3167116191699453
10101011,validation,1.9578192036603896,1.9441376841252653
10101100,training,2.4104298428369852,2.2778290560033714
10101101,training,1.910865638067381,1.858219852942927
10101110,training,1.9063438954991963,1.9441741094650418
10110000,validation,3.2275947759685626,3.081909769445777
10110001,training,2.5095788366803,2.4559626146903613
10110010,training,2.41901274186616,2.3617007943175423
10110011,validation,1.9327113719951066,1.9280770522369686
10110100,training,2.392710655696091,2.33213587427079
10110101,validation,1.877106727060935,1.8514768641744528
10110110,training,1.8681211381593577,1.9375341094493255
10110111,validation,1.5444655618348646,1.649198512027831
10111000,training,2.3893122271910507,2.448529688842523
10111001,training,1.864867068358007,1.882190643586596
10111010,training,1.8537356066179103,2.0445613258430484
10111011,validation,1.5254854102819735,1.670545693261964
11000000,validation,4.030395601299547,4.207923944761677
11000001,validation,3.3208867663857906,3.497323825573045
11000010,validation,3.2092420884255293,3.1138704740255987
11000011,validation,2.629944991802991,2.5955937675118097
11000100,training,3.21998858135544,3.077238886594378
11000101,training,2.5386744885737746,2.5119269120648244
11000110,training,2.4817946927461847,2.3087926261650695
11000111,training,2.03784627300029,1.935804064310359
11001000,validation,3.231678517788037,3.0271356652478234
11001001,training,2.5153932559268806,2.37614365555868
11001010,training,2.43081853813107,2.249322806640505
11001011,validation,1.945870564049378,1.7906542096262035
11001100,training,2.4075720688452953,2.2774036228522494
11001101,training,1.895382654286614,1.7716997578221854
11001110,validation,1.8898224320629318,1.8251979745517009
11010000,training,3.2358343553095743,3.2187272377891345
11010001,validation,2.509991820291933,2.5066854210640983
11010010,training,2.417053501779398,2.379967560898681
11010011,training,1.919318626232258,1.8602491568484876
11010100,training,2.3887770391435876,2.417366020230248
11010101,training,1.8584186059216403,1.850612348164291
11010110,training,1.847026483125354,1.9042135536465654
11010111,validation,1.5146438861794314,1.5297832942554495
11011000,training,2.3849910486649093,2.482273278454927
11011001,training,1.8446583351294732,1.8298395712293782
11011010,validation,1.830258388143306,1.959754213693234
11011011,training,1.4928463301552877,1.4996439191425273
11011100,training,1.8316640389595293,2.0618650766677664
11011101,training,1.4883561021623852,1.554719514101297
11100000,training,3.2371914011517884,3.2475805454433413
11100001,validation,2.5087239665714476,2.5337112307962393
11100010,training,2.414134500873664,2.384392619225701
11100011,training,1.9130410126640465,1.86284671725344
11100100,training,2.3847716460977173,2.4434979958790723
11100101,validation,1.8496685425428008,1.8749168258910487
11100110,training,1.8367920229555845,1.905917279968202
11100111,training,1.5020403455994389,1.5296595226550203
11101000,training,2.3807255363301727,2.4925324106783204
11101001,training,1.8351563722740236,1.8382712055307069
11101010,training,1.8188197633171885,1.945585096589439
11101011,training,1.4788607275077699,1.4836473041166673
11101100,training,1.8197984250402215,2.0694028768857766
11101101,training,1.4738267396488467,1.5604298163972414
11101110,validation,1.4828345749382856,1.848062773103666
