method,repeat,unique_evaluation,schedule,objective,best_objective
exact,0,1,00000000,8.216698561869215,8.216698561869215
exact,0,2,00000001,7.409659057761928,7.409659057761928
exact,0,3,00000010,6.475836509773247,6.475836509773247
exact,0,4,00000011,6.267362758786758,6.267362758786758
exact,0,5,00000100,5.912236440476715,5.912236440476715
exact,0,6,00000101,5.47001225122251,5.47001225122251
exact,0,7,00000110,5.17531573125477,5.17531573125477
exact,0,8,00000111,5.092864544909331,5.092864544909331
exact,0,9,00001000,5.66859374408778,5.092864544909331
exact,0,10,00001001,5.045111872678801,5.045111872678801
exact,0,11,00001010,4.534924548048775,4.534924548048775
exact,0,12,00001011,4.356552236549007,4.356552236549007
exact,0,13,00001100,4.3481930103787985,4.3481930103787985
exact,0,14,00001101,4.1057629393318775,4.1057629393318775
exact,0,15,00001110,4.004937737601361,4.004937737601361
exact,0,16,00010000,5.590504033127994,4.004937737601361
exact,0,17,00010001,4.877815850495383,4.004937737601361
exact,0,18,00010010,4.242380787921543,4.004937737601361
exact,0,19,00010011,3.9905576841671517,3.9905576841671517
exact,0,20,00010100,3.989435035009696,3.989435035009696
exact,0,21,00010101,3.6044649896168295,3.6044649896168295
exact,0,22,00010110,3.4341012856993953,3.4341012856993953
exact,0,23,00010111,3.294787360306259,3.294787360306259
exact,0,24,00011000,3.9203670303172284,3.294787360306259
exact,0,25,00011001,3.4834762860420336,3.294787360306259
exact,0,26,00011010,3.2681985392632162,3.2681985392632162
exact,0,27,00011011,3.0893705357466406,3.0893705357466406
exact,0,28,00011100,3.2056536253165575,3.0893705357466406
exact,0,29,00011101,3.008531157849688,3.008531157849688
exact,0,30,00100000,5.570449347931402,3.008531157849688
exact,0,31,00100001,4.828378490829551,3.008531157849688
exact,0,32,00100010,4.152589114125675,3.008531157849688
exact,0,33,00100011,3.859355308930572,3.008531157849688
exact,0,34,00100100,3.912924081586219,3.008531157849688
exact,0,35,00100101,3.4254579757110397,3.008531157849688
exact,0,36,00100110,3.235196259361357,3.008531157849688
exact,0,37,00100111,3.016591478100111,3.008531157849688
exact,0,38,00101000,3.867732081650031,3.008531157849688
exact,0,39,00101001,3.2992815498333226,3.008531157849688
exact,0,40,00101010,3.0693116895537966,3.008531157849688
exact,0,41,00101011,2.753346311735562,2.753346311735562
exact,0,42,00101100,2.998306562921914,2.753346311735562
exact,0,43,00101101,2.637729121587819,2.637729121587819
exact,0,44,00101110,2.584022517738588,2.584022517738588
exact,0,45,00110000,3.8587256813347004,2.584022517738588
exact,0,46,00110001,3.268359920318075,2.584022517738588
exact,0,47,00110010,3.0337758501688326,2.584022517738588
exact,0,48,00110011,2.6818942842499265,2.584022517738588
exact,0,49,00110100,2.960046696962493,2.584022517738588
exact,0,50,00110101,2.5468111359727796,2.5468111359727796
exact,0,51,00110110,2.4772345602608397,2.4772345602608397
exact,0,52,00110111,2.2584215817960533,2.2584215817960533
exact,0,53,00111000,2.942184510867664,2.2584215817960533
exact,0,54,00111001,2.5095693725524484,2.2584215817960533
exact,0,55,00111010,2.4288384139998724,2.2584215817960533
exact,0,56,00111011,2.1990045189522824,2.1990045189522824
exact,0,57,01000000,5.566136751975313,2.1990045189522824
exact,0,58,01000001,4.816311669809151,2.1990045189522824
exact,0,59,01000010,4.132167795833142,2.1990045189522824
exact,0,60,01000011,3.823501105046855,2.1990045189522824
exact,0,61,01000100,3.934137438967982,2.1990045189522824
exact,0,62,01000101,3.392893798323997,2.1990045189522824
exact,0,63,01000110,3.206685887671907,2.1990045189522824
exact,0,64,01000111,2.9360111229640364,2.1990045189522824
exact,0,65,01001000,3.9493448939563356,2.1990045189522824
exact,0,66,01001001,3.303219842659582,2.1990045189522824
exact,0,67,01001010,3.112185483270358,2.1990045189522824
exact,0,68,01001011,2.6835306952471636,2.1990045189522824
exact,0,69,01001100,3.0589668704761612,2.1990045189522824
exact,0,70,01001101,2.568528369695591,2.1990045189522824
exact,0,71,01001110,2.5163725361325433,2.1990045189522824
exact,0,72,01010000,3.964513610665227,2.1990045189522824
exact,0,73,01010001,3.290113441942945,2.1990045189522824
exact,0,74,01010010,3.1225146696823156,2.1990045189522824
exact,0,75,01010011,2.63177713522001,2.1990045189522824
exact,0,76,01010100,3.0891292748058214,2.1990045189522824
exact,0,77,01010101,2.512365473502442,2.1990045189522824
exact,0,78,01010110,2.445244935611839,2.1990045189522824
exact,0,79,01010111,2.1006039033858253,2.1006039033858253
exact,0,80,01011000,3.0840275913482342,2.1006039033858253
exact,0,81,01011001,2.4783782709865445,2.1006039033858253
exact,0,82,01011010,2.3925288901093458,2.1006039033858253
exact,0,83,01011011,2.0246674812627754,2.0246674812627754
exact,0,84,01011100,2.371534877805387,2.0246674812627754
exact,0,85,01011101,1.990296054371909,1.990296054371909
exact,0,86,01100000,3.968296024952717,1.990296054371909
exact,0,87,01100001,3.28636849433489,1.990296054371909
exact,0,88,01100010,3.126650447289399,1.990296054371909
exact,0,89,01100011,2.6192503646911116,1.990296054371909
exact,0,90,01100100,3.1018377174284897,1.990296054371909
exact,0,91,01100101,2.501626023917026,1.990296054371909
exact,0,92,01100110,2.42995932947179,1.990296054371909
exact,0,93,01100111,2.062960456913316,1.990296054371909
exact,0,94,01101000,3.0999675592327196,1.990296054371909
exact,0,95,01101001,2.467642245283659,1.990296054371909
exact,0,96,01101010,2.3710635738785157,1.990296054371909
exact,0,97,01101011,1.97487528732458,1.97487528732458
exact,0,98,01101100,2.345276717871501,1.97487528732458
exact,0,99,01101101,1.9314196312803484,1.9314196312803484
exact,0,100,01101110,1.9213748835462698,1.9213748835462698
exact,0,101,01110000,3.1002986082416637,1.9213748835462698
exact,0,102,01110001,2.4594641799738888,1.9213748835462698
exact,0,103,01110010,2.355926765721133,1.9213748835462698
exact,0,104,01110011,1.9511703257929163,1.9213748835462698
exact,0,105,01110100,2.326822719713678,1.9213748835462698
exact,0,106,01110101,1.9019641910483676,1.9019641910483676
exact,0,107,01110110,1.8891816592717692,1.8891816592717692
exact,0,108,01110111,1.6274116772673184,1.6274116772673184
exact,0,109,10000000,5.5652587629122365,1.6274116772673184
exact,0,110,10000001,4.8134584928491195,1.6274116772673184
exact,0,111,10000010,4.127447054180862,1.6274116772673184
exact,0,112,10000011,3.814526375803003,1.6274116772673184
exact,0,113,10000100,3.9460837961573434,1.6274116772673184
exact,0,114,10000101,3.3883276813336605,1.6274116772673184
exact,0,115,10000110,3.2054611006034417,1.6274116772673184
exact,0,116,10000111,2.9162649265492506,1.6274116772673184
exact,0,117,10001000,3.991570608996527,1.6274116772673184
exact,0,118,10001001,3.3215535069082183,1.6274116772673184
exact,0,119,10001010,3.1537608112756246,1.6274116772673184
exact,0,120,10001011,2.677139283610723,1.6274116772673184
exact,0,121,10001100,3.111451612333538,1.6274116772673184
exact,0,122,10001101,2.566197056424661,1.6274116772673184
exact,0,123,10001110,2.519195085315048,1.6274116772673184
exact,0,124,10010000,4.021075698236748,1.6274116772673184
exact,0,125,10010001,3.321574093646091,1.6274116772673184
exact,0,126,10010010,3.19379928071192,1.6274116772673184
exact,0,127,10010011,2.6405549129566723,1.6274116772673184
exact,0,128,10010100,3.1856894765641552,1.6274116772673184
exact,0,129,10010101,2.5380817979978834,1.6274116772673184
exact,0,130,10010110,2.482507749890699,1.6274116772673184
exact,0,131,10010111,2.076618548174176,1.6274116772673184
exact,0,132,10011000,3.1895594152718987,1.6274116772673184
exact,0,133,10011001,2.5101947676000944,1.6274116772673184
exact,0,134,10011010,2.4350644743272665,1.6274116772673184
exact,0,135,10011011,1.9996643289905682,1.6274116772673184
exact,0,136,10011100,2.4178197440897065,1.6274116772673184
exact,0,137,10011101,1.9643180944034928,1.6274116772673184
exact,0,138,10100000,4.028769736070016,1.6274116772673184
exact,0,139,10100001,3.3214325259714914,1.6274116772673184
exact,0,140,10100010,3.206800966865901,1.6274116772673184
exact,0,141,10100011,2.6329054608031126,1.6274116772673184
exact,0,142,10100100,3.2138663623729813,1.6274116772673184
exact,0,143,10100101,2.5395059344328246,1.6274116772673184
exact,0,144,10100110,2.482708883851769,1.6274116772673184
exact,0,145,10100111,2.0465670971553864,1.6274116772673184
exact,0,146,10101000,3.2239269872099157,1.6274116772673184
exact,0,147,10101001,2.515243339482346,1.6274116772673184
exact,0,148,10101010,2.4323769975887384,1.6274116772673184
exact,0,149,10101011,1.9578192036603896,1.6274116772673184
exact,0,150,10101100,2.4104298428369852,1.6274116772673184
exact,0,151,10101101,1.910865638067381,1.6274116772673184
exact,0,152,10101110,1.9063438954991963,1.6274116772673184
exact,0,153,10110000,3.2275947759685626,1.6274116772673184
exact,0,154,10110001,2.5095788366803,1.6274116772673184
exact,0,155,10110010,2.41901274186616,1.6274116772673184
exact,0,156,10110011,1.9327113719951066,1.6274116772673184
exact,0,157,10110100,2.392710655696091,1.6274116772673184
exact,0,158,10110101,1.877106727060935,1.6274116772673184
exact,0,159,10110110,1.8681211381593577,1.6274116772673184
exact,0,160,10110111,1.5444655618348646,1.5444655618348646
exact,0,161,10111000,2.3893122271910507,1.5444655618348646
exact,0,162,10111001,1.864867068358007,1.5444655618348646
exact,0,163,10111010,1.8537356066179103,1.5444655618348646
exact,0,164,10111011,1.5254854102819735,1.5254854102819735
exact,0,165,11000000,4.030395601299547,1.5254854102819735
exact,0,166,11000001,3.3208867663857906,1.5254854102819735
exact,0,167,11000010,3.2092420884255293,1.5254854102819735
exact,0,168,11000011,2.629944991802991,1.5254854102819735
exact,0,169,11000100,3.21998858135544,1.5254854102819735
exact,0,170,11000101,2.5386744885737746,1.5254854102819735
exact,0,171,11000110,2.4817946927461847,1.5254854102819735
exact,0,172,11000111,2.03784627300029,1.5254854102819735
exact,0,173,11001000,3.231678517788037,1.5254854102819735
exact,0,174,11001001,2.5153932559268806,1.5254854102819735
exact,0,175,11001010,2.43081853813107,1.5254854102819735
exact,0,176,11001011,1.945870564049378,1.5254854102819735
exact,0,177,11001100,2.4075720688452953,1.5254854102819735
exact,0,178,11001101,1.895382654286614,1.5254854102819735
exact,0,179,11001110,1.8898224320629318,1.5254854102819735
exact,0,180,11010000,3.2358343553095743,1.5254854102819735
exact,0,181,11010001,2.509991820291933,1.5254854102819735
exact,0,182,11010010,2.417053501779398,1.5254854102819735
exact,0,183,11010011,1.919318626232258,1.5254854102819735
exact,0,184,11010100,2.3887770391435876,1.5254854102819735
exact,0,185,11010101,1.8584186059216403,1.5254854102819735
exact,0,186,11010110,1.847026483125354,1.5254854102819735
exact,0,187,11010111,1.5146438861794314,1.5146438861794314
exact,0,188,11011000,2.3849910486649093,1.5146438861794314
exact,0,189,11011001,1.8446583351294732,1.5146438861794314
exact,0,190,11011010,1.830258388143306,1.5146438861794314
exact,0,191,11011011,1.4928463301552877,1.4928463301552877
exact,0,192,11011100,1.8316640389595293,1.4928463301552877
exact,0,193,11011101,1.4883561021623852,1.4883561021623852
exact,0,194,11100000,3.2371914011517884,1.4883561021623852
exact,0,195,11100001,2.5087239665714476,1.4883561021623852
exact,0,196,11100010,2.414134500873664,1.4883561021623852
exact,0,197,11100011,1.9130410126640465,1.4883561021623852
exact,0,198,11100100,2.3847716460977173,1.4883561021623852
exact,0,199,11100101,1.8496685425428008,1.4883561021623852
exact,0,200,11100110,1.8367920229555845,1.4883561021623852
exact,0,201,11100111,1.5020403455994389,1.4883561021623852
exact,0,202,11101000,2.3807255363301727,1.4883561021623852
exact,0,203,11101001,1.8351563722740236,1.4883561021623852
exact,0,204,11101010,1.8188197633171885,1.4883561021623852
exact,0,205,11101011,1.4788607275077699,1.4788607275077699
exact,0,206,11101100,1.8197984250402215,1.4788607275077699
exact,0,207,11101101,1.4738267396488467,1.4738267396488467
exact,0,208,11101110,1.4828345749382856,1.4738267396488467
random,0,1,00110111,2.2584215817960533,2.2584215817960533
random,0,2,00000111,5.092864544909331,2.2584215817960533
random,0,3,10111010,1.8537356066179103,1.8537356066179103
random,0,4,01011001,2.4783782709865445,1.8537356066179103
random,0,5,10101110,1.9063438954991963,1.8537356066179103
random,0,6,10101101,1.910865638067381,1.8537356066179103
random,0,7,00101001,3.2992815498333226,1.8537356066179103
random,0,8,00011011,3.0893705357466406,1.8537356066179103
random,0,9,00110010,3.0337758501688326,1.8537356066179103
random,0,10,11100011,1.9130410126640465,1.8537356066179103
random,0,11,00010101,3.6044649896168295,1.8537356066179103
random,0,12,10010111,2.076618548174176,1.8537356066179103
random,0,13,11101010,1.8188197633171885,1.8188197633171885
random,0,14,11010110,1.847026483125354,1.8188197633171885
random,0,15,01011000,3.0840275913482342,1.8188197633171885
random,0,16,00111010,2.4288384139998724,1.8188197633171885
random,0,17,10110011,1.9327113719951066,1.8188197633171885
random,0,18,01101001,2.467642245283659,1.8188197633171885
random,0,19,00011001,3.4834762860420336,1.8188197633171885
random,0,20,01001110,2.5163725361325433,1.8188197633171885
random,0,21,11100100,2.3847716460977173,1.8188197633171885
random,0,22,11101011,1.4788607275077699,1.4788607275077699
random,0,23,11100010,2.414134500873664,1.4788607275077699
random,0,24,10101010,2.4323769975887384,1.4788607275077699
random,0,25,11101000,2.3807255363301727,1.4788607275077699
random,0,26,11000100,3.21998858135544,1.4788607275077699
random,0,27,10000000,5.5652587629122365,1.4788607275077699
random,0,28,00011010,3.2681985392632162,1.4788607275077699
random,0,29,01110111,1.6274116772673184,1.4788607275077699
random,0,30,00110110,2.4772345602608397,1.4788607275077699
random,0,31,11000101,2.5386744885737746,1.4788607275077699
random,0,32,01101101,1.9314196312803484,1.4788607275077699
random,0,33,00101000,3.867732081650031,1.4788607275077699
random,0,34,10000110,3.2054611006034417,1.4788607275077699
random,0,35,01011011,2.0246674812627754,1.4788607275077699
random,0,36,00001001,5.045111872678801,1.4788607275077699
random,0,37,11001000,3.231678517788037,1.4788607275077699
random,0,38,10110001,2.5095788366803,1.4788607275077699
random,0,39,10001100,3.111451612333538,1.4788607275077699
random,0,40,10010011,2.6405549129566723,1.4788607275077699
random,0,41,10001010,3.1537608112756246,1.4788607275077699
random,0,42,01110100,2.326822719713678,1.4788607275077699
random,0,43,00100100,3.912924081586219,1.4788607275077699
random,0,44,00000011,6.267362758786758,1.4788607275077699
random,0,45,00100000,5.570449347931402,1.4788607275077699
random,0,46,11010000,3.2358343553095743,1.4788607275077699
random,0,47,01000000,5.566136751975313,1.4788607275077699
random,0,48,01011101,1.990296054371909,1.4788607275077699
random,0,49,00001000,5.66859374408778,1.4788607275077699
random,0,50,01001011,2.6835306952471636,1.4788607275077699
random,0,51,01110110,1.8891816592717692,1.4788607275077699
random,0,52,11010100,2.3887770391435876,1.4788607275077699
random,0,53,11101110,1.4828345749382856,1.4788607275077699
random,0,54,10110100,2.392710655696091,1.4788607275077699
random,0,55,00011100,3.2056536253165575,1.4788607275077699
random,0,56,01100100,3.1018377174284897,1.4788607275077699
random,0,57,01010100,3.0891292748058214,1.4788607275077699
random,0,58,11100110,1.8367920229555845,1.4788607275077699
random,0,59,01101011,1.97487528732458,1.4788607275077699
random,0,60,00000010,6.475836509773247,1.4788607275077699
random,0,61,01100011,2.6192503646911116,1.4788607275077699
random,0,62,00100011,3.859355308930572,1.4788607275077699
random,0,63,00000100,5.912236440476715,1.4788607275077699
random,0,64,10101001,2.515243339482346,1.4788607275077699
random,1,1,01001010,3.112185483270358,3.112185483270358
random,1,2,10101001,2.515243339482346,2.515243339482346
random,1,3,00111000,2.942184510867664,2.515243339482346
random,1,4,00110000,3.8587256813347004,2.515243339482346
random,1,5,00100011,3.859355308930572,2.515243339482346
random,1,6,01001000,3.9493448939563356,2.515243339482346
random,1,7,00101001,3.2992815498333226,2.515243339482346
random,1,8,00011000,3.9203670303172284,2.515243339482346
random,1,9,01110000,3.1002986082416637,2.515243339482346
random,1,10,00000111,5.092864544909331,2.515243339482346
random,1,11,11101100,1.8197984250402215,1.8197984250402215
random,1,12,01110100,2.326822719713678,1.8197984250402215
random,1,13,00100110,3.235196259361357,1.8197984250402215
random,1,14,01110011,1.9511703257929163,1.8197984250402215
random,1,15,01101000,3.0999675592327196,1.8197984250402215
random,1,16,11001101,1.895382654286614,1.8197984250402215
random,1,17,10011010,2.4350644743272665,1.8197984250402215
random,1,18,10110011,1.9327113719951066,1.8197984250402215
random,1,19,01101100,2.345276717871501,1.8197984250402215
random,1,20,11100010,2.414134500873664,1.8197984250402215
random,1,21,00100100,3.912924081586219,1.8197984250402215
random,1,22,01100001,3.28636849433489,1.8197984250402215
random,1,23,00111011,2.1990045189522824,1.8197984250402215
random,1,24,01101011,1.97487528732458,1.8197984250402215
random,1,25,11011011,1.4928463301552877,1.4928463301552877
random,1,26,01001001,3.303219842659582,1.4928463301552877
random,1,27,11010100,2.3887770391435876,1.4928463301552877
random,1,28,01010000,3.964513610665227,1.4928463301552877
random,1,29,01000010,4.132167795833142,1.4928463301552877
random,1,30,00000101,5.47001225122251,1.4928463301552877
random,1,31,11011001,1.8446583351294732,1.4928463301552877
random,1,32,10111010,1.8537356066179103,1.4928463301552877
random,1,33,10000000,5.5652587629122365,1.4928463301552877
random,1,34,10110100,2.392710655696091,1.4928463301552877
random,1,35,01000011,3.823501105046855,1.4928463301552877
random,1,36,10010000,4.021075698236748,1.4928463301552877
random,1,37,00100001,4.828378490829551,1.4928463301552877
random,1,38,10011000,3.1895594152718987,1.4928463301552877
random,1,39,01110010,2.355926765721133,1.4928463301552877
random,1,40,00001110,4.004937737601361,1.4928463301552877
random,1,41,11010000,3.2358343553095743,1.4928463301552877
random,1,42,00101000,3.867732081650031,1.4928463301552877
random,1,43,11101101,1.4738267396488467,1.4738267396488467
random,1,44,11011101,1.4883561021623852,1.4738267396488467
random,1,45,00101110,2.584022517738588,1.4738267396488467
random,1,46,01001110,2.5163725361325433,1.4738267396488467
random,1,47,00000010,6.475836509773247,1.4738267396488467
random,1,48,11001001,2.5153932559268806,1.4738267396488467
random,1,49,01110001,2.4594641799738888,1.4738267396488467
random,1,50,11011010,1.830258388143306,1.4738267396488467
random,1,51,10100100,3.2138663623729813,1.4738267396488467
random,1,52,11010010,2.417053501779398,1.4738267396488467
random,1,53,11001000,3.231678517788037,1.4738267396488467
random,1,54,10110000,3.2275947759685626,1.4738267396488467
random,1,55,01001100,3.0589668704761612,1.4738267396488467
random,1,56,00010011,3.9905576841671517,1.4738267396488467
random,1,57,10000011,3.814526375803003,1.4738267396488467
random,1,58,10111001,1.864867068358007,1.4738267396488467
random,1,59,11000101,2.5386744885737746,1.4738267396488467
random,1,60,11010110,1.847026483125354,1.4738267396488467
random,1,61,01010101,2.512365473502442,1.4738267396488467
random,1,62,10101011,1.9578192036603896,1.4738267396488467
random,1,63,01011000,3.0840275913482342,1.4738267396488467
random,1,64,11101011,1.4788607275077699,1.4738267396488467
random,2,1,10010110,2.482507749890699,2.482507749890699
random,2,2,00111001,2.5095693725524484,2.482507749890699
random,2,3,11001000,3.231678517788037,2.482507749890699
random,2,4,11100111,1.5020403455994389,1.5020403455994389
random,2,5,11100101,1.8496685425428008,1.5020403455994389
random,2,6,01011100,2.371534877805387,1.5020403455994389
random,2,7,00011011,3.0893705357466406,1.5020403455994389
random,2,8,11010011,1.919318626232258,1.5020403455994389
random,2,9,00101001,3.2992815498333226,1.5020403455994389
random,2,10,00100000,5.570449347931402,1.5020403455994389
random,2,11,00110010,3.0337758501688326,1.5020403455994389
random,2,12,10010101,2.5380817979978834,1.5020403455994389
random,2,13,10010100,3.1856894765641552,1.5020403455994389
random,2,14,00111000,2.942184510867664,1.5020403455994389
random,2,15,11010110,1.847026483125354,1.5020403455994389
random,2,16,00010011,3.9905576841671517,1.5020403455994389
random,2,17,10101010,2.4323769975887384,1.5020403455994389
random,2,18,10111010,1.8537356066179103,1.5020403455994389
random,2,19,00000110,5.17531573125477,1.5020403455994389
random,2,20,10110000,3.2275947759685626,1.5020403455994389
random,2,21,11010000,3.2358343553095743,1.5020403455994389
random,2,22,11011010,1.830258388143306,1.5020403455994389
random,2,23,11100010,2.414134500873664,1.5020403455994389
random,2,24,11010100,2.3887770391435876,1.5020403455994389
random,2,25,10100111,2.0465670971553864,1.5020403455994389
random,2,26,00010000,5.590504033127994,1.5020403455994389
random,2,27,11011100,1.8316640389595293,1.5020403455994389
random,2,28,01100011,2.6192503646911116,1.5020403455994389
random,2,29,10100001,3.3214325259714914,1.5020403455994389
random,2,30,01101011,1.97487528732458,1.5020403455994389
random,2,31,01100110,2.42995932947179,1.5020403455994389
random,2,32,11011101,1.4883561021623852,1.4883561021623852
random,2,33,00111010,2.4288384139998724,1.4883561021623852
random,2,34,01101101,1.9314196312803484,1.4883561021623852
random,2,35,01010101,2.512365473502442,1.4883561021623852
random,2,36,01011010,2.3925288901093458,1.4883561021623852
random,2,37,01101001,2.467642245283659,1.4883561021623852
random,2,38,01100101,2.501626023917026,1.4883561021623852
random,2,39,10111000,2.3893122271910507,1.4883561021623852
random,2,40,00100110,3.235196259361357,1.4883561021623852
random,2,41,01000001,4.816311669809151,1.4883561021623852
random,2,42,10000000,5.5652587629122365,1.4883561021623852
random,2,43,10111011,1.5254854102819735,1.4883561021623852
random,2,44,00011100,3.2056536253165575,1.4883561021623852
random,2,45,01110110,1.8891816592717692,1.4883561021623852
random,2,46,10011100,2.4178197440897065,1.4883561021623852
random,2,47,10110100,2.392710655696091,1.4883561021623852
random,2,48,11000111,2.03784627300029,1.4883561021623852
random,2,49,10101110,1.9063438954991963,1.4883561021623852
random,2,50,10110111,1.5444655618348646,1.4883561021623852
random,2,51,11101001,1.8351563722740236,1.4883561021623852
random,2,52,01000100,3.934137438967982,1.4883561021623852
random,2,53,10011010,2.4350644743272665,1.4883561021623852
random,2,54,00001101,4.1057629393318775,1.4883561021623852
random,2,55,01110011,1.9511703257929163,1.4883561021623852
random,2,56,11011001,1.8446583351294732,1.4883561021623852
random,2,57,01110000,3.1002986082416637,1.4883561021623852
random,2,58,00000010,6.475836509773247,1.4883561021623852
random,2,59,10111001,1.864867068358007,1.4883561021623852
random,2,60,00110100,2.960046696962493,1.4883561021623852
random,2,61,10001100,3.111451612333538,1.4883561021623852
random,2,62,11010111,1.5146438861794314,1.4883561021623852
random,2,63,10100000,4.028769736070016,1.4883561021623852
random,2,64,01000000,5.566136751975313,1.4883561021623852
annealing,0,1,00000000,8.216698561869215,8.216698561869215
annealing,0,2,10000000,5.5652587629122365,5.5652587629122365
annealing,0,3,10000010,4.127447054180862,4.127447054180862
annealing,0,4,10000110,3.2054611006034417,3.2054611006034417
annealing,0,5,10010110,2.482507749890699,2.482507749890699
annealing,0,6,10010100,3.1856894765641552,2.482507749890699
annealing,0,7,10010111,2.076618548174176,2.076618548174176
annealing,0,8,10010011,2.6405549129566723,2.076618548174176
annealing,0,9,10010101,2.5380817979978834,2.076618548174176
annealing,0,10,10000111,2.9162649265492506,2.076618548174176
annealing,0,11,11010111,1.5146438861794314,1.5146438861794314
annealing,0,12,11010110,1.847026483125354,1.5146438861794314
annealing,0,13,01010111,2.1006039033858253,1.5146438861794314
annealing,0,14,11010101,1.8584186059216403,1.5146438861794314
annealing,0,15,11000111,2.03784627300029,1.5146438861794314
annealing,0,16,11010011,1.919318626232258,1.5146438861794314
annealing,0,17,10011001,2.5101947676000944,1.5146438861794314
annealing,0,18,10011101,1.9643180944034928,1.5146438861794314
annealing,0,19,11011101,1.4883561021623852,1.4883561021623852
annealing,0,20,11011001,1.8446583351294732,1.4883561021623852
annealing,0,21,11001101,1.895382654286614,1.4883561021623852
annealing,0,22,11011100,1.8316640389595293,1.4883561021623852
annealing,0,23,01011101,1.990296054371909,1.4883561021623852
annealing,0,24,10110100,2.392710655696091,1.4883561021623852
annealing,0,25,10110110,1.8681211381593577,1.4883561021623852
annealing,0,26,10100110,2.482708883851769,1.4883561021623852
annealing,0,27,10110010,2.41901274186616,1.4883561021623852
annealing,0,28,00110110,2.4772345602608397,1.4883561021623852
annealing,0,29,10110111,1.5444655618348646,1.4883561021623852
annealing,0,30,10110011,1.9327113719951066,1.4883561021623852
annealing,0,31,10100111,2.0465670971553864,1.4883561021623852
annealing,0,32,00110111,2.2584215817960533,1.4883561021623852
annealing,0,33,10110101,1.877106727060935,1.4883561021623852
annealing,0,34,01000000,5.566136751975313,1.4883561021623852
annealing,0,35,01001000,3.9493448939563356,1.4883561021623852
annealing,0,36,01001001,3.303219842659582,1.4883561021623852
annealing,0,37,01001101,2.568528369695591,1.4883561021623852
annealing,0,38,00001101,4.1057629393318775,1.4883561021623852
annealing,0,39,01000101,3.392893798323997,1.4883561021623852
annealing,0,40,11000101,2.5386744885737746,1.4883561021623852
annealing,0,41,00111001,2.5095693725524484,1.4883561021623852
annealing,0,42,00011001,3.4834762860420336,1.4883561021623852
annealing,0,43,00111000,2.942184510867664,1.4883561021623852
annealing,0,44,00110001,3.268359920318075,1.4883561021623852
annealing,0,45,00101001,3.2992815498333226,1.4883561021623852
annealing,0,46,00111011,2.1990045189522824,1.4883561021623852
annealing,0,47,00101011,2.753346311735562,1.4883561021623852
annealing,0,48,00110011,2.6818942842499265,1.4883561021623852
annealing,0,49,00011011,3.0893705357466406,1.4883561021623852
annealing,0,50,10111011,1.5254854102819735,1.4883561021623852
annealing,0,51,10111001,1.864867068358007,1.4883561021623852
annealing,0,52,10111010,1.8537356066179103,1.4883561021623852
annealing,0,53,10101011,1.9578192036603896,1.4883561021623852
annealing,0,54,10011011,1.9996643289905682,1.4883561021623852
annealing,0,55,10100101,2.5395059344328246,1.4883561021623852
annealing,0,56,11100111,1.5020403455994389,1.4883561021623852
annealing,0,57,11100110,1.8367920229555845,1.4883561021623852
annealing,0,58,01100111,2.062960456913316,1.4883561021623852
annealing,0,59,11100101,1.8496685425428008,1.4883561021623852
annealing,0,60,11100011,1.9130410126640465,1.4883561021623852
annealing,0,61,01110111,1.6274116772673184,1.4883561021623852
annealing,0,62,01110011,1.9511703257929163,1.4883561021623852
annealing,0,63,01110110,1.8891816592717692,1.4883561021623852
annealing,0,64,01110101,1.9019641910483676,1.4883561021623852
annealing,1,1,00000000,8.216698561869215,8.216698561869215
annealing,1,2,00001000,5.66859374408778,5.66859374408778
annealing,1,3,00001100,4.3481930103787985,4.3481930103787985
annealing,1,4,00011100,3.2056536253165575,3.2056536253165575
annealing,1,5,10011100,2.4178197440897065,2.4178197440897065
annealing,1,6,10010100,3.1856894765641552,2.4178197440897065
annealing,1,7,10011101,1.9643180944034928,1.9643180944034928
annealing,1,8,11011101,1.4883561021623852,1.4883561021623852
annealing,1,9,11001101,1.895382654286614,1.4883561021623852
annealing,1,10,11011001,1.8446583351294732,1.4883561021623852
annealing,1,11,11011100,1.8316640389595293,1.4883561021623852
annealing,1,12,11001100,2.4075720688452953,1.4883561021623852
annealing,1,13,11010100,2.3887770391435876,1.4883561021623852
annealing,1,14,11010101,1.8584186059216403,1.4883561021623852
annealing,1,15,01011101,1.990296054371909,1.4883561021623852
annealing,1,16,01010101,2.512365473502442,1.4883561021623852
annealing,1,17,11010111,1.5146438861794314,1.4883561021623852
annealing,1,18,11010011,1.919318626232258,1.4883561021623852
annealing,1,19,10010111,2.076618548174176,1.4883561021623852
annealing,1,20,11010110,1.847026483125354,1.4883561021623852
annealing,1,21,01010111,2.1006039033858253,1.4883561021623852
annealing,1,22,11000111,2.03784627300029,1.4883561021623852
annealing,1,23,01100011,2.6192503646911116,1.4883561021623852
annealing,1,24,01110011,1.9511703257929163,1.4883561021623852
annealing,1,25,00110011,2.6818942842499265,1.4883561021623852
annealing,1,26,01110111,1.6274116772673184,1.4883561021623852
annealing,1,27,01110110,1.8891816592717692,1.4883561021623852
annealing,1,28,01100111,2.062960456913316,1.4883561021623852
annealing,1,29,01110101,1.9019641910483676,1.4883561021623852
annealing,1,30,00110111,2.2584215817960533,1.4883561021623852
annealing,1,31,00101000,3.867732081650031,1.4883561021623852
annealing,1,32,00111000,2.942184510867664,1.4883561021623852
annealing,1,33,00110000,3.8587256813347004,1.4883561021623852
annealing,1,34,00111010,2.4288384139998724,1.4883561021623852
annealing,1,35,00110010,3.0337758501688326,1.4883561021623852
annealing,1,36,00101010,3.0693116895537966,1.4883561021623852
annealing,1,37,00111011,2.1990045189522824,1.4883561021623852
annealing,1,38,00111001,2.5095693725524484,1.4883561021623852
annealing,1,39,00101011,2.753346311735562,1.4883561021623852
annealing,1,40,00011011,3.0893705357466406,1.4883561021623852
annealing,1,41,10111011,1.5254854102819735,1.4883561021623852
annealing,1,42,10011011,1.9996643289905682,1.4883561021623852
annealing,1,43,10111010,1.8537356066179103,1.4883561021623852
annealing,1,44,10101011,1.9578192036603896,1.4883561021623852
annealing,1,45,10110011,1.9327113719951066,1.4883561021623852
annealing,1,46,10111001,1.864867068358007,1.4883561021623852
annealing,1,47,11010001,2.509991820291933,1.4883561021623852
annealing,1,48,11001001,2.5153932559268806,1.4883561021623852
annealing,1,49,01001010,3.112185483270358,1.4883561021623852
annealing,1,50,01001000,3.9493448939563356,1.4883561021623852
annealing,1,51,01000010,4.132167795833142,1.4883561021623852
annealing,1,52,01011010,2.3925288901093458,1.4883561021623852
annealing,1,53,11011010,1.830258388143306,1.4883561021623852
annealing,1,54,11011011,1.4928463301552877,1.4883561021623852
annealing,1,55,11001011,1.945870564049378,1.4883561021623852
annealing,1,56,01011011,2.0246674812627754,1.4883561021623852
annealing,1,57,01010110,2.445244935611839,1.4883561021623852
annealing,1,58,11010010,2.417053501779398,1.4883561021623852
annealing,1,59,10010110,2.482507749890699,1.4883561021623852
annealing,1,60,10010000,4.021075698236748,1.4883561021623852
annealing,1,61,10010001,3.321574093646091,1.4883561021623852
annealing,1,62,10000001,4.8134584928491195,1.4883561021623852
annealing,1,63,10011001,2.5101947676000944,1.4883561021623852
annealing,1,64,10011000,3.1895594152718987,1.4883561021623852
annealing,2,1,00000000,8.216698561869215,8.216698561869215
annealing,2,2,00000100,5.912236440476715,5.912236440476715
annealing,2,3,10000100,3.9460837961573434,3.9460837961573434
annealing,2,4,10000110,3.2054611006034417,3.2054611006034417
annealing,2,5,10100110,2.482708883851769,2.482708883851769
annealing,2,6,10100010,3.206800966865901,2.482708883851769
annealing,2,7,10110110,1.8681211381593577,1.8681211381593577
annealing,2,8,10110111,1.5444655618348646,1.5444655618348646
annealing,2,9,10110101,1.877106727060935,1.5444655618348646
annealing,2,10,00110111,2.2584215817960533,1.5444655618348646
annealing,2,11,10010111,2.076618548174176,1.5444655618348646
annealing,2,12,10100111,2.0465670971553864,1.5444655618348646
annealing,2,13,10110100,2.392710655696091,1.5444655618348646
annealing,2,14,10110010,2.41901274186616,1.5444655618348646
annealing,2,15,10110011,1.9327113719951066,1.5444655618348646
annealing,2,16,10100100,3.2138663623729813,1.5444655618348646
annealing,2,17,10010100,3.1856894765641552,1.5444655618348646
annealing,2,18,00110110,2.4772345602608397,1.5444655618348646
annealing,2,19,10011100,2.4178197440897065,1.5444655618348646
annealing,2,20,11011100,1.8316640389595293,1.5444655618348646
annealing,2,21,11001100,2.4075720688452953,1.5444655618348646
annealing,2,22,11010100,2.3887770391435876,1.5444655618348646
annealing,2,23,11011000,2.3849910486649093,1.5444655618348646
annealing,2,24,01011100,2.371534877805387,1.5444655618348646
annealing,2,25,11011101,1.4883561021623852,1.4883561021623852
annealing,2,26,10011101,1.9643180944034928,1.4883561021623852
annealing,2,27,01011101,1.990296054371909,1.4883561021623852
annealing,2,28,11011001,1.8446583351294732,1.4883561021623852
annealing,2,29,11010101,1.8584186059216403,1.4883561021623852
annealing,2,30,11001101,1.895382654286614,1.4883561021623852
annealing,2,31,11101001,1.8351563722740236,1.4883561021623852
annealing,2,32,01101001,2.467642245283659,1.4883561021623852
annealing,2,33,11001001,2.5153932559268806,1.4883561021623852
annealing,2,34,11101000,2.3807255363301727,1.4883561021623852
annealing,2,35,10101001,2.515243339482346,1.4883561021623852
annealing,2,36,11100001,2.5087239665714476,1.4883561021623852
annealing,2,37,11101011,1.4788607275077699,1.4788607275077699
annealing,2,38,11100011,1.9130410126640465,1.4788607275077699
annealing,2,39,11101010,1.8188197633171885,1.4788607275077699
annealing,2,40,10101011,1.9578192036603896,1.4788607275077699
annealing,2,41,11001011,1.945870564049378,1.4788607275077699
annealing,2,42,01101011,1.97487528732458,1.4788607275077699
annealing,2,43,10001001,3.3215535069082183,1.4788607275077699
annealing,2,44,01100111,2.062960456913316,1.4788607275077699
annealing,2,45,01000111,2.9360111229640364,1.4788607275077699
annealing,2,46,01100110,2.42995932947179,1.4788607275077699
annealing,2,47,11100111,1.5020403455994389,1.4788607275077699
annealing,2,48,11100101,1.8496685425428008,1.4788607275077699
annealing,2,49,11000111,2.03784627300029,1.4788607275077699
annealing,2,50,11100110,1.8367920229555845,1.4788607275077699
annealing,2,51,00000010,6.475836509773247,1.4788607275077699
annealing,2,52,00000011,6.267362758786758,1.4788607275077699
annealing,2,53,01000011,3.823501105046855,1.4788607275077699
annealing,2,54,01000010,4.132167795833142,1.4788607275077699
annealing,2,55,01100011,2.6192503646911116,1.4788607275077699
annealing,2,56,01100010,3.126650447289399,1.4788607275077699
annealing,2,57,11100100,2.3847716460977173,1.4788607275077699
annealing,2,58,01100101,2.501626023917026,1.4788607275077699
annealing,2,59,10100101,2.5395059344328246,1.4788607275077699
annealing,2,60,00000001,7.409659057761928,1.4788607275077699
annealing,2,61,00010001,4.877815850495383,1.4788607275077699
annealing,2,62,00010011,3.9905576841671517,1.4788607275077699
annealing,2,63,00011011,3.0893705357466406,1.4788607275077699
annealing,2,64,00111011,2.1990045189522824,1.4788607275077699
