virtual_tumor_id,initial_resistant_fraction,sensitive_growth_rate_per_day,resistant_growth_rate_per_day,sensitive_drug_kill_rate_per_day,resistant_drug_kill_rate_per_day,resistant_effect_on_sensitive,sensitive_effect_on_resistant,parameter_fingerprint,partition
virtual-tumor-0001,0.0035036587398480277,0.03135739273373352,0.01615859301538628,0.06389349909892483,0.007347542935433171,1.316465260554708,0.5662561502301241,2a714a422d8c0eee603d1c3c1028efb826a2a9ffb0fdfb7471072059d39f7b09,search
virtual-tumor-0002,0.006430268446715177,0.03459381795705428,0.024508547840674702,0.11312723902260804,0.012900803176260637,0.8071533063183726,1.3052048839578874,fe27bfd0d141e16fa4b00af3bd8dd839de3b6686832c388e87a693952a474056,search
virtual-tumor-0003,0.0013907578755994476,0.035414996118695474,0.017499853646444852,0.05667988283266173,0.01475917148768861,1.0230564042576644,0.7921663474193934,02fd44a79a6332266bba3a4c47ccbaebe109bf65b2905205541040a0bfafda1f,search
virtual-tumor-0004,0.0150313208831044,0.037024468845502215,0.020312761137043917,0.08277945346433993,0.0050506918204651,0.6627148955480996,1.1347781607095877,4998c99a753c18ea10d79094a86d8c3148728aae1543a5bc7d09866b492877da,search
virtual-tumor-0005,0.04672017075901088,0.03842336172975257,0.00982531436673305,0.06011876672533016,0.012370339297386476,0.7831227111915482,0.6860209652605187,73df043d6860976a632a3f324faf259c22eaa8463b1963b08d31de02c075eeda,search
virtual-tumor-0006,0.007379631496492388,0.021561027965145713,0.021229956984781168,0.050184153170013006,0.010947759372422958,1.0755506326540671,0.8307561319255362,526a8f30b8e431e6059bab74c03ea997a9129bccb95b01a0c41845469c51546a,search
virtual-tumor-0007,0.0029357191477175134,0.034155018979157306,0.011313963733871717,0.11889104811505373,0.01410537897266121,0.6994681291178482,0.8120901460592901,cf0420d69c515f89a6256fa6ba42eac812395088cb1e2e49c12374479bce75ba,search
virtual-tumor-0008,0.07682237133322352,0.03015868810271783,0.011588239936761814,0.07702787417006376,0.013410596620849783,1.2579578310897621,0.7710602345418119,0ba5e47621317c1978aa8b4f830ef4cee522826a1a8b7223a589bb7244e09679,search
virtual-tumor-0009,0.02889875118973882,0.024641336420054512,0.014424270729670233,0.09607815309248252,0.002239285936225955,0.8786357084697081,1.4216076843084697,f3b3c78b4d83405cffe213ced94bcb5c2f41ecc1741f5a24f4b3ac6efca2d7b9,evaluation
virtual-tumor-0010,0.005746486512857902,0.039626238292890074,0.008940333787569463,0.06857124919455715,0.006138106625134827,1.13843084149673,0.7262928164022604,740d47c841404a671785a60622b250a926a41db1b9f6b12e519601c408c7e895,evaluation
virtual-tumor-0011,0.009079444866207244,0.03618340410989206,0.024705042339632634,0.09055339047531169,0.003232405515362642,0.5849703735351792,0.7128637904924429,0252edb96acc5c840bdc66d8becb71b0877be79e288f0dbf6cbf4d5680288c23,evaluation
virtual-tumor-0012,0.0037806637744680362,0.021245496333747664,0.00801871956701651,0.11718359673842692,0.007823351646755301,0.9786780402446981,1.099649748283565,7c0985eb19cba0122059ec7165477a999624a3e23252acc479bc56a5eba91dc6,evaluation
virtual-tumor-0013,0.0020550873422597697,0.027224729706476714,0.015973154287120903,0.06705268781073945,0.008349750111113203,0.6000818558525957,1.499691773391093,b28f0e2ceba62ed177197d3fd9576b74c444f2ba4e92fca450dfb7557b40cd42,evaluation
virtual-tumor-0014,0.041576568594933146,0.02327485652245486,0.011844031868448608,0.07053095454146245,0.011898209368075464,1.3946231202923858,0.8762582550713008,fcc273c582bd5dc688c734cbccc0732a38ad30ed17134ce749885302ec0d4ed6,evaluation
virtual-tumor-0015,0.0011230020148157373,0.023873376575110426,0.01558504381834987,0.05854225013227452,0.00925143198021187,1.4082907547363668,1.3324342063563044,0a0c9849ebb366c19d866b40999f1f729b9e9ea0418846621d453dd7c237adca,evaluation
virtual-tumor-0016,0.0010310045608237903,0.025088938779614885,0.02083694973247039,0.11515077421825654,0.008808384453070934,1.0603520574649408,0.6669950503460302,d0454bf48028ea5d7a591163efecd04cb574b0eed413d2be5297e0f4b70c8c49,evaluation
virtual-tumor-0017,0.036499385688002164,0.03351438381763523,0.015029903459732975,0.09960721423333872,0.002408096153757706,1.2883219103310597,1.042730282254479,51f7ef1acee60e768efdee21e86bbd4a57e228c0a69fb6daa82aed9c69687e2b,evaluation
virtual-tumor-0018,0.010020297775254785,0.030706908750251304,0.013198918869457487,0.052594620505196185,0.005808082493375615,1.2059718199878025,1.38884235613977,80a4f3d8f5372cdf0b1f724073340e9dc7c2dba1fc9c1d2af7137cd5f0fab28c,evaluation
virtual-tumor-0019,0.05056548936580038,0.026511954267733003,0.009370562110760771,0.07272686454560344,0.004518300072601749,0.7028806848755096,0.9343519649236454,6b340cfb6399f4f87ba5371d17ddc8cabf989229ac12ab258566768d34946d7e,evaluation
virtual-tumor-0020,0.008021904033115795,0.036923468584373405,0.022922970642976846,0.06139109916853555,0.009718966415584384,1.2350120904570137,0.5242255949500128,e77fcbddb2f05b73da5ace01591f927db8aefa40a3ef4dd152603042e0b767f2,evaluation
virtual-tumor-0021,0.0018478887404264211,0.022596197416940925,0.02339665815937267,0.08821942004915645,0.00038135709968602135,0.7571505704310568,1.2784731915457272,03f33a18851de8d0cd05678d1956cbbd84af5fabc648c483db783ccd56ebd16e,evaluation
virtual-tumor-0022,0.013911661200563223,0.03299397193126961,0.018564977265115065,0.10169268523338164,0.014379462463776074,0.9285261659141153,1.261132248571289,f0824c33d4ca0448857ef67e606be3fe483d50a8c6ffd6cf639a847f3c56fe4d,evaluation
virtual-tumor-0023,0.001511261345279745,0.020859047442012474,0.012960750914810783,0.05457909854807603,0.005399692205609783,1.32888038208675,1.0205453990527498,2049135ea448ec6a1ccbf04e35cc3b0b03447dababa2bb0198afb5faf167f4f9,evaluation
virtual-tumor-0024,0.019613106013134242,0.029013339391273433,0.017827591024070943,0.10407801723945587,0.009777287228270986,1.1700701200784005,1.4545115921264444,92f2271f80af4a775cf873dcbb0e1c0f0a1280e3883205adadb4cce6d801ec04,evaluation
virtual-tumor-0025,0.001610821602053663,0.03576105947222293,0.022360954248480447,0.10824383734168563,0.013864081813254336,0.8568936704774807,1.2111774711659997,b8e5b73269e96b1e27cfa20ab07bff2e9a6db030961b2db4744d6096b5c664e3,evaluation
virtual-tumor-0026,0.057178791676787064,0.03934055161226371,0.014328501317713868,0.10465665540748258,0.012646882062787315,1.3681445859763348,0.5912448049819585,a7d1580434097741df61260c231cfe47a482cd84f1a25c14db4f4c4617141daf,evaluation
virtual-tumor-0027,0.020897332240338143,0.025686435242134518,0.016896571270559664,0.0898902448709959,0.0017762489650266838,1.1961316695178308,0.6465214079444768,73aec01832d6d7de87e75ec994fc3089fef1532f3abb0acec89dafbc5201a0d2,evaluation
virtual-tumor-0028,0.025196737392712935,0.02233953722847581,0.010474620098046252,0.10698917281519241,0.010202305944002414,0.5596982326455527,0.5439700571803124,ad00437b5fead763b88412750d7254fcd0948e87b7077451783c015fd6175d6d,evaluation
virtual-tumor-0029,0.03214176024971666,0.031857003790551806,0.020499575424921215,0.08411853806869607,0.011303931239789532,1.4299679683567184,1.2289140254803883,d4303cf1f78296e3a3f2b94b616ab6654fa12ec2168107bba8b4d41d7ac33491,evaluation
virtual-tumor-0030,0.023260264369389622,0.028250677986321002,0.01871269955696609,0.11076060987466022,0.010806143226217684,0.7332661743231726,0.9997161934303735,dcf9831a80ca3dfad98e3d20b1ba25340700be1553ba401508e1bd0402202b2a,evaluation
virtual-tumor-0031,0.00489975150246861,0.02955447141638554,0.010879109595106635,0.07559989965165413,0.0027626503089967685,1.0491649364678228,0.9136519403962383,eb717f03551b7245844bb753dfd834e8dc222380329b51edd4d8d40b61bc71b6,evaluation
virtual-tumor-0032,0.012054530179280104,0.024352076001043728,0.019255236841312393,0.07931510094382213,0.000838227269561709,0.9709103686523379,0.8523984197945766,9a65c525f5d3b7b99cd9bed06ffa7b2f3f8ae2542a2de0ebff70b11b1d856d5e,evaluation
virtual-tumor-0033,0.0025705435440105343,0.02894665596728882,0.01976210729473786,0.09427829882260433,0.00031946125275863325,1.4918493366358758,1.1846681364127978,b43061225e5982ea2d004ef6e6c2fb5077950a7a5861c3e774f4e56fe9ec7d9f,evaluation
virtual-tumor-0034,0.06949445613779262,0.03759981688704509,0.017116571727210147,0.09333975941972403,0.00641689629706123,0.5312708818032214,1.3655684374732113,11d3423f1a95e4d68125ad7c4fb06fbd0a00d3289ff86f1bbadf3ef7ab5074c6,evaluation
virtual-tumor-0035,0.005475001022663246,0.03327695648789496,0.021930806285553484,0.11250574437883844,0.003739229333974104,1.113703803649051,1.1013338614614592,a62ff857671ba70d8295bb2de669171a4c00f2662b933f4f3675ca396c3a07c3,evaluation
virtual-tumor-0036,0.01752893497508317,0.03887494380261221,0.01251129106075513,0.0806786049302914,0.006854196096093056,0.5052600326367991,0.6196746137337661,a1b6a5b7bfb4b486beaee32d1a551938fc0c2760d15b3cbb24c99c36ac4d3c18,evaluation
virtual-tumor-0037,0.09192720914010957,0.0322537397282613,0.013545780947465419,0.07336120485893287,0.0013507176906971505,1.472571242905617,1.432502043674988,c3daa13cb6de85fa46d9123853f9859d900e6544ac9ef71999dd7b4e78d51795,evaluation
virtual-tumor-0038,0.0022867309817287264,0.020230555863658302,0.008813232321547917,0.09765784917148111,0.007928506081464518,0.6462939208200829,1.069645420860397,1c21effae68b01db7f47c5cb444e3f4e0bf38914aea1d0b4d1ff6a6f2fd258ac,evaluation
virtual-tumor-0039,0.0040385403012459615,0.026131258164540646,0.02393891182996857,0.06468394829897342,0.004038960984986464,0.9206538308310234,1.1535635123653978,266b374cc7ee54ae98577d3206cb8bc66298948ab8a9c3f913e790384626a08b,evaluation
virtual-tumor-0040,0.08455416420464527,0.027974912779824494,0.02274460881334319,0.08670827631567166,0.0041517688937528245,0.8478871915620972,0.9701341965221928,6850e000b09cbd8f39f09e8a3b754fc0d2c29d53ccd89d8277073bf3aceead2f,evaluation
