virtual_tumor_id,reference_strategy,candidate_strategy,resistance_control_delta_days,resistance_control_direction,progression_control_delta_days,progression_control_direction,tumor_burden_auc_delta,tumor_burden_auc_direction,final_total_burden_delta,final_total_burden_direction,cumulative_dose_days_delta,cumulative_dose_direction,candidate_delayed_resistant_dominance,candidate_delayed_progression,candidate_lower_burden_auc,candidate_lower_final_burden,candidate_lower_cumulative_dose
virtual-tumor-0001,continuous,burden_adaptive,187.0,candidate,0.0,tie,168871926.5161696,reference,177590.18195988692,reference,-182.0,candidate,True,False,False,False,True
virtual-tumor-0002,continuous,burden_adaptive,71.0,candidate,6.0,candidate,-1877951.1827323437,candidate,-170884.47219364904,candidate,-66.0,candidate,True,True,True,True,True
virtual-tumor-0003,continuous,burden_adaptive,299.0,candidate,0.0,tie,235060738.9592206,reference,531708.5214141152,reference,-261.0,candidate,True,False,False,False,True
virtual-tumor-0004,continuous,burden_adaptive,73.0,candidate,-24.0,reference,127386787.59362191,reference,488456.17282639025,reference,-67.0,candidate,True,False,False,False,True
virtual-tumor-0005,continuous,burden_adaptive,128.0,candidate,-21.0,reference,181771086.6744799,reference,672656.527084881,reference,-153.0,candidate,True,False,False,False,True
virtual-tumor-0006,continuous,burden_adaptive,56.0,candidate,-2.0,reference,57965855.55537033,reference,23492.328575407155,reference,-49.0,candidate,True,False,False,False,True
virtual-tumor-0007,continuous,burden_adaptive,261.0,candidate,0.0,tie,228650556.44377783,reference,698963.2064340923,reference,-203.0,candidate,True,False,False,False,True
virtual-tumor-0008,continuous,burden_adaptive,115.0,candidate,-53.0,reference,219899269.44271442,reference,987604.3421206445,reference,-148.0,candidate,True,False,False,False,True
virtual-tumor-0009,continuous,burden_adaptive,157.0,candidate,0.0,tie,243266003.18207565,reference,967285.759493188,reference,-190.0,candidate,True,False,False,False,True
virtual-tumor-0010,continuous,burden_adaptive,160.0,candidate,0.0,tie,211966202.6988414,reference,630408.5073784663,reference,-134.0,candidate,True,False,False,False,True
virtual-tumor-0011,continuous,burden_adaptive,84.0,candidate,-14.0,reference,138476924.33915907,reference,494368.5388976376,reference,-75.0,candidate,True,False,False,False,True
virtual-tumor-0012,continuous,burden_adaptive,300.0,candidate,0.0,tie,243036426.68807444,reference,757335.6555472837,reference,-296.0,candidate,True,False,False,False,True
virtual-tumor-0013,continuous,burden_adaptive,223.0,candidate,0.0,tie,199747090.17419347,reference,176499.74720103468,reference,-192.0,candidate,True,False,False,False,True
virtual-tumor-0014,continuous,burden_adaptive,58.0,candidate,-9.0,reference,119372642.90144122,reference,195416.4460437037,reference,-81.0,candidate,True,False,False,False,True
virtual-tumor-0015,continuous,burden_adaptive,220.0,candidate,0.0,tie,232226395.38462082,reference,564906.645738367,reference,-196.0,candidate,True,False,False,False,True
virtual-tumor-0016,continuous,burden_adaptive,149.0,candidate,0.0,tie,192942438.55359384,reference,413484.48472030956,reference,-173.0,candidate,True,False,False,False,True
virtual-tumor-0017,continuous,burden_adaptive,158.0,candidate,2.0,candidate,109856563.91872942,reference,-181237.10492284503,candidate,-156.0,candidate,True,True,False,True,True
virtual-tumor-0018,continuous,burden_adaptive,95.0,candidate,-16.0,reference,164293005.80132174,reference,348685.50187526457,reference,-94.0,candidate,True,False,False,False,True
virtual-tumor-0019,continuous,burden_adaptive,201.0,candidate,0.0,tie,225599863.17049393,reference,721780.4763439957,reference,-216.0,candidate,True,False,False,False,True
virtual-tumor-0020,continuous,burden_adaptive,133.0,candidate,-31.0,reference,224169975.65640283,reference,1076694.9185240944,reference,-164.0,candidate,True,False,False,False,True
virtual-tumor-0021,continuous,burden_adaptive,90.0,candidate,-33.0,reference,169842846.36465037,reference,527975.5116703145,reference,-99.0,candidate,True,False,False,False,True
virtual-tumor-0022,continuous,burden_adaptive,31.0,candidate,-8.0,reference,92035177.78241229,reference,99625.33157736994,reference,-59.0,candidate,True,False,False,False,True
virtual-tumor-0023,continuous,burden_adaptive,284.0,candidate,0.0,tie,231195149.54643548,reference,678349.7772995592,reference,-243.0,candidate,True,False,False,False,True
virtual-tumor-0024,continuous,burden_adaptive,192.0,candidate,1.0,candidate,136051807.54563808,reference,-157067.3325949437,candidate,-146.0,candidate,True,True,False,True,True
virtual-tumor-0025,continuous,burden_adaptive,192.0,candidate,0.0,tie,194689787.44961247,reference,374730.51797268144,reference,-186.0,candidate,True,False,False,False,True
virtual-tumor-0026,continuous,burden_adaptive,234.0,candidate,0.0,tie,231056185.60513714,reference,676193.3683577987,reference,-227.0,candidate,True,False,False,False,True
virtual-tumor-0027,continuous,burden_adaptive,165.0,candidate,-11.0,reference,183182633.1685945,reference,511002.622111802,reference,-156.0,candidate,True,False,False,False,True
virtual-tumor-0028,continuous,burden_adaptive,212.0,candidate,0.0,tie,224320706.24020192,reference,437231.99279818207,reference,-175.0,candidate,True,False,False,False,True
virtual-tumor-0029,continuous,burden_adaptive,172.0,candidate,0.0,tie,208635260.61969522,reference,401990.57351389015,reference,-174.0,candidate,True,False,False,False,True
virtual-tumor-0030,continuous,burden_adaptive,195.0,candidate,0.0,tie,224311443.62758845,reference,614732.6930021176,reference,-167.0,candidate,True,False,False,False,True
virtual-tumor-0031,continuous,burden_adaptive,208.0,candidate,-14.0,reference,240637728.28025353,reference,1033507.5736900541,reference,-199.0,candidate,True,False,False,False,True
virtual-tumor-0032,continuous,burden_adaptive,140.0,candidate,-26.0,reference,197785880.27673024,reference,759099.273526304,reference,-120.0,candidate,True,False,False,False,True
virtual-tumor-0033,continuous,burden_adaptive,264.0,candidate,0.0,tie,243134410.29964584,reference,788635.4969480435,reference,-255.0,candidate,True,False,False,False,True
virtual-tumor-0034,continuous,burden_adaptive,323.0,candidate,0.0,tie,220314305.48175353,reference,565086.2279843908,reference,-303.0,candidate,True,False,False,False,True
virtual-tumor-0035,continuous,burden_adaptive,184.0,candidate,0.0,tie,225733921.2249698,reference,893558.8109485222,reference,-240.0,candidate,True,False,False,False,True
virtual-tumor-0036,continuous,burden_adaptive,113.0,candidate,0.0,tie,142782704.64844313,reference,332611.1140601422,reference,-104.0,candidate,True,False,False,False,True
virtual-tumor-0037,continuous,burden_adaptive,287.0,candidate,0.0,tie,246591383.45416275,reference,473649.42149834824,reference,-239.0,candidate,True,False,False,False,True
virtual-tumor-0038,continuous,burden_adaptive,218.0,candidate,0.0,tie,235381017.9084081,reference,476700.7989697208,reference,-216.0,candidate,True,False,False,False,True
virtual-tumor-0039,continuous,burden_adaptive,280.0,candidate,0.0,tie,248298126.33254752,reference,592775.5232551452,reference,-274.0,candidate,True,False,False,False,True
virtual-tumor-0040,continuous,burden_adaptive,178.0,candidate,0.0,tie,232017407.96824083,reference,582367.1553530282,reference,-195.0,candidate,True,False,False,False,True
virtual-tumor-0041,continuous,burden_adaptive,219.0,candidate,0.0,tie,241682289.7762277,reference,956664.3803456095,reference,-206.0,candidate,True,False,False,False,True
virtual-tumor-0042,continuous,burden_adaptive,247.0,candidate,0.0,tie,217812598.2437538,reference,231591.88944714796,reference,-265.0,candidate,True,False,False,False,True
virtual-tumor-0043,continuous,burden_adaptive,83.0,candidate,-34.0,reference,106453428.37703511,reference,346785.4803337536,reference,-67.0,candidate,True,False,False,False,True
virtual-tumor-0044,continuous,burden_adaptive,305.0,candidate,0.0,tie,239157308.86764205,reference,482958.729616836,reference,-277.0,candidate,True,False,False,False,True
virtual-tumor-0045,continuous,burden_adaptive,263.0,candidate,0.0,tie,238636447.31476784,reference,590562.593192077,reference,-244.0,candidate,True,False,False,False,True
virtual-tumor-0046,continuous,burden_adaptive,213.0,candidate,0.0,tie,228885372.27135295,reference,523557.95551443734,reference,-180.0,candidate,True,False,False,False,True
virtual-tumor-0047,continuous,burden_adaptive,243.0,candidate,0.0,tie,221732731.0376954,reference,365680.8146842007,reference,-213.0,candidate,True,False,False,False,True
virtual-tumor-0048,continuous,burden_adaptive,276.0,candidate,0.0,tie,229830820.06680372,reference,921577.5731928216,reference,-240.0,candidate,True,False,False,False,True
virtual-tumor-0049,continuous,burden_adaptive,193.0,candidate,0.0,tie,221777964.34700698,reference,771441.3538053506,reference,-156.0,candidate,True,False,False,False,True
virtual-tumor-0050,continuous,burden_adaptive,221.0,candidate,0.0,tie,232051821.1663863,reference,492714.7268560298,reference,-195.0,candidate,True,False,False,False,True
virtual-tumor-0051,continuous,burden_adaptive,178.0,candidate,-1.0,reference,151943367.24122354,reference,12113.737239358015,reference,-179.0,candidate,True,False,False,False,True
virtual-tumor-0052,continuous,burden_adaptive,178.0,candidate,0.0,tie,143977157.8987757,reference,-37752.25043114764,candidate,-134.0,candidate,True,False,False,True,True
virtual-tumor-0053,continuous,burden_adaptive,246.0,candidate,0.0,tie,234949870.96165356,reference,682773.4048553284,reference,-197.0,candidate,True,False,False,False,True
virtual-tumor-0054,continuous,burden_adaptive,205.0,candidate,0.0,tie,236517942.9160234,reference,632012.848634019,reference,-220.0,candidate,True,False,False,False,True
virtual-tumor-0055,continuous,burden_adaptive,294.0,candidate,0.0,tie,240668333.34501234,reference,456650.8013473161,reference,-279.0,candidate,True,False,False,False,True
virtual-tumor-0056,continuous,burden_adaptive,222.0,candidate,0.0,tie,232632040.76907235,reference,568051.0763818271,reference,-229.0,candidate,True,False,False,False,True
virtual-tumor-0057,continuous,burden_adaptive,137.0,candidate,0.0,tie,151361312.12198156,reference,285335.73350538674,reference,-128.0,candidate,True,False,False,False,True
virtual-tumor-0058,continuous,burden_adaptive,207.0,candidate,0.0,tie,207765923.61879712,reference,428602.07072043524,reference,-203.0,candidate,True,False,False,False,True
virtual-tumor-0059,continuous,burden_adaptive,87.0,candidate,-25.0,reference,167183691.66195923,reference,585536.5691269408,reference,-74.0,candidate,True,False,False,False,True
virtual-tumor-0060,continuous,burden_adaptive,208.0,candidate,0.0,tie,189592786.27835697,reference,-6979.971544062719,candidate,-158.0,candidate,True,False,False,True,True
virtual-tumor-0061,continuous,burden_adaptive,168.0,candidate,0.0,tie,202781934.0399774,reference,600327.2289091698,reference,-158.0,candidate,True,False,False,False,True
virtual-tumor-0062,continuous,burden_adaptive,297.0,candidate,0.0,tie,246984938.00277126,reference,861868.0271484752,reference,-268.0,candidate,True,False,False,False,True
virtual-tumor-0063,continuous,burden_adaptive,128.0,candidate,0.0,tie,137623276.36822292,reference,-87512.15383827523,candidate,-89.0,candidate,True,False,False,True,True
virtual-tumor-0064,continuous,burden_adaptive,134.0,candidate,0.0,tie,221527914.54267952,reference,791939.8044181252,reference,-132.0,candidate,True,False,False,False,True
virtual-tumor-0065,continuous,burden_adaptive,309.0,candidate,0.0,tie,235202063.3626501,reference,544027.9587494456,reference,-291.0,candidate,True,False,False,False,True
virtual-tumor-0066,continuous,burden_adaptive,281.0,candidate,0.0,tie,239954882.60293666,reference,675448.6913629641,reference,-257.0,candidate,True,False,False,False,True
virtual-tumor-0067,continuous,burden_adaptive,158.0,candidate,0.0,tie,129734012.43227369,reference,170850.07522712176,reference,-71.0,candidate,True,False,False,False,True
virtual-tumor-0068,continuous,burden_adaptive,247.0,candidate,0.0,tie,243033047.94969448,reference,972515.4979897116,reference,-266.0,candidate,True,False,False,False,True
virtual-tumor-0069,continuous,burden_adaptive,87.0,candidate,-55.0,reference,225254930.75322953,reference,929753.5961318789,reference,-102.0,candidate,True,False,False,False,True
virtual-tumor-0070,continuous,burden_adaptive,296.0,candidate,0.0,tie,234982983.80003053,reference,969936.191288629,reference,-213.0,candidate,True,False,False,False,True
virtual-tumor-0071,continuous,burden_adaptive,98.0,candidate,2.0,candidate,58357633.25684595,reference,-62039.70029759966,candidate,-95.0,candidate,True,True,False,True,True
virtual-tumor-0072,continuous,burden_adaptive,247.0,candidate,0.0,tie,233102936.68437392,reference,929685.1053165172,reference,-191.0,candidate,True,False,False,False,True
virtual-tumor-0073,continuous,burden_adaptive,26.0,candidate,1.0,candidate,7053717.6821911335,reference,-27419.21825674735,candidate,-49.0,candidate,True,True,False,True,True
virtual-tumor-0074,continuous,burden_adaptive,57.0,candidate,-7.0,reference,74443434.95283687,reference,51829.44162707031,reference,-49.0,candidate,True,False,False,False,True
virtual-tumor-0075,continuous,burden_adaptive,268.0,candidate,0.0,tie,231519792.8223835,reference,450940.6763734722,reference,-246.0,candidate,True,False,False,False,True
virtual-tumor-0076,continuous,burden_adaptive,292.0,candidate,0.0,tie,242470934.62334943,reference,792438.8796859621,reference,-289.0,candidate,True,False,False,False,True
virtual-tumor-0077,continuous,burden_adaptive,181.0,candidate,0.0,tie,217829207.37894535,reference,602168.0947970574,reference,-187.0,candidate,True,False,False,False,True
virtual-tumor-0078,continuous,burden_adaptive,158.0,candidate,0.0,tie,190812956.68092173,reference,479814.43291401723,reference,-128.0,candidate,True,False,False,False,True
virtual-tumor-0079,continuous,burden_adaptive,170.0,candidate,-35.0,reference,187321715.88175955,reference,654636.7482621123,reference,-154.0,candidate,True,False,False,False,True
virtual-tumor-0080,continuous,burden_adaptive,151.0,candidate,0.0,tie,203894373.7416218,reference,443647.0414839708,reference,-152.0,candidate,True,False,False,False,True
virtual-tumor-0081,continuous,burden_adaptive,256.0,candidate,0.0,tie,236405916.45744473,reference,506889.7293027735,reference,-203.0,candidate,True,False,False,False,True
virtual-tumor-0082,continuous,burden_adaptive,137.0,candidate,0.0,tie,163138981.1987403,reference,468828.532559471,reference,-103.0,candidate,True,False,False,False,True
virtual-tumor-0083,continuous,burden_adaptive,169.0,candidate,0.0,tie,242477463.2205178,reference,952504.4704806678,reference,-195.0,candidate,True,False,False,False,True
virtual-tumor-0084,continuous,burden_adaptive,127.0,candidate,0.0,tie,194584423.21216866,reference,632210.3098668376,reference,-114.0,candidate,True,False,False,False,True
virtual-tumor-0085,continuous,burden_adaptive,141.0,candidate,-59.0,reference,229986623.20976797,reference,1124440.4822963069,reference,-154.0,candidate,True,False,False,False,True
virtual-tumor-0086,continuous,burden_adaptive,288.0,candidate,0.0,tie,244132681.99520338,reference,488824.6525954849,reference,-231.0,candidate,True,False,False,False,True
virtual-tumor-0087,continuous,burden_adaptive,130.0,candidate,-20.0,reference,178351017.90718317,reference,616429.31713313,reference,-109.0,candidate,True,False,False,False,True
virtual-tumor-0088,continuous,burden_adaptive,38.0,candidate,3.0,candidate,1710001.7972345352,reference,-37110.823105750605,candidate,-73.0,candidate,True,True,False,True,True
virtual-tumor-0089,continuous,burden_adaptive,129.0,candidate,-34.0,reference,173370218.44198012,reference,572653.4848844879,reference,-105.0,candidate,True,False,False,False,True
virtual-tumor-0090,continuous,burden_adaptive,192.0,candidate,0.0,tie,225332741.98873374,reference,608832.7118361453,reference,-189.0,candidate,True,False,False,False,True
virtual-tumor-0091,continuous,burden_adaptive,91.0,candidate,0.0,tie,137275568.36675537,reference,187976.26357151393,reference,-63.0,candidate,True,False,False,False,True
virtual-tumor-0092,continuous,burden_adaptive,32.0,candidate,-29.0,reference,151271152.38511527,reference,539562.2263449323,reference,-58.0,candidate,True,False,False,False,True
virtual-tumor-0093,continuous,burden_adaptive,298.0,candidate,0.0,tie,232907090.5471918,reference,749447.6102730136,reference,-285.0,candidate,True,False,False,False,True
virtual-tumor-0094,continuous,burden_adaptive,248.0,candidate,0.0,tie,241597320.56381425,reference,611862.7705720122,reference,-233.0,candidate,True,False,False,False,True
virtual-tumor-0095,continuous,burden_adaptive,82.0,candidate,0.0,tie,150578214.66840053,reference,373995.12580160814,reference,-86.0,candidate,True,False,False,False,True
virtual-tumor-0096,continuous,burden_adaptive,266.0,candidate,0.0,tie,216417860.02681482,reference,849038.9606921002,reference,-212.0,candidate,True,False,False,False,True
virtual-tumor-0097,continuous,burden_adaptive,294.0,candidate,0.0,tie,219096057.68254828,reference,795757.177531838,reference,-211.0,candidate,True,False,False,False,True
virtual-tumor-0098,continuous,burden_adaptive,80.0,candidate,-83.0,reference,252395603.2321114,reference,1254574.0587817936,reference,-97.0,candidate,True,False,False,False,True
virtual-tumor-0099,continuous,burden_adaptive,294.0,candidate,0.0,tie,246665821.39880615,reference,497944.9004162764,reference,-261.0,candidate,True,False,False,False,True
virtual-tumor-0100,continuous,burden_adaptive,112.0,candidate,-20.0,reference,164906287.16615504,reference,566692.2161927978,reference,-143.0,candidate,True,False,False,False,True
virtual-tumor-0101,continuous,burden_adaptive,62.0,candidate,-42.0,reference,143726750.07990205,reference,606676.7957298453,reference,-57.0,candidate,True,False,False,False,True
virtual-tumor-0102,continuous,burden_adaptive,315.0,candidate,0.0,tie,242845055.13305104,reference,492886.1755201811,reference,-288.0,candidate,True,False,False,False,True
virtual-tumor-0103,continuous,burden_adaptive,228.0,candidate,0.0,tie,241410359.09587827,reference,745020.0578723509,reference,-245.0,candidate,True,False,False,False,True
virtual-tumor-0104,continuous,burden_adaptive,189.0,candidate,0.0,tie,227427674.9096329,reference,738170.0827078854,reference,-174.0,candidate,True,False,False,False,True
virtual-tumor-0105,continuous,burden_adaptive,204.0,candidate,0.0,tie,239370428.1173304,reference,628783.9021863115,reference,-218.0,candidate,True,False,False,False,True
virtual-tumor-0106,continuous,burden_adaptive,255.0,candidate,0.0,tie,221789752.4539025,reference,447877.57589178387,reference,-201.0,candidate,True,False,False,False,True
virtual-tumor-0107,continuous,burden_adaptive,290.0,candidate,0.0,tie,230454316.43884885,reference,574619.6032662019,reference,-244.0,candidate,True,False,False,False,True
virtual-tumor-0108,continuous,burden_adaptive,145.0,candidate,1.0,candidate,96434232.89049512,reference,-57280.309051705524,candidate,-133.0,candidate,True,True,False,True,True
virtual-tumor-0109,continuous,burden_adaptive,140.0,candidate,0.0,tie,222355299.04383096,reference,468320.6083043568,reference,-227.0,candidate,True,False,False,False,True
virtual-tumor-0110,continuous,burden_adaptive,116.0,candidate,-88.0,reference,254181166.9150106,reference,1336179.864431622,reference,-155.0,candidate,True,False,False,False,True
virtual-tumor-0111,continuous,burden_adaptive,208.0,candidate,0.0,tie,211320289.5036263,reference,487519.8829382961,reference,-135.0,candidate,True,False,False,False,True
virtual-tumor-0112,continuous,burden_adaptive,155.0,candidate,0.0,tie,228268107.6731222,reference,847390.8344695268,reference,-156.0,candidate,True,False,False,False,True
virtual-tumor-0113,continuous,burden_adaptive,60.0,candidate,3.0,candidate,20481501.779165983,reference,-30789.463656369597,candidate,-56.0,candidate,True,True,False,True,True
virtual-tumor-0114,continuous,burden_adaptive,318.0,candidate,0.0,tie,240527309.82423642,reference,881984.7691394123,reference,-289.0,candidate,True,False,False,False,True
virtual-tumor-0115,continuous,burden_adaptive,110.0,candidate,-9.0,reference,112235289.39702213,reference,116152.75458128192,reference,-83.0,candidate,True,False,False,False,True
virtual-tumor-0116,continuous,burden_adaptive,246.0,candidate,0.0,tie,242703338.53431386,reference,660034.7285495395,reference,-215.0,candidate,True,False,False,False,True
virtual-tumor-0117,continuous,burden_adaptive,110.0,candidate,0.0,tie,159444174.67244402,reference,427854.5404570865,reference,-110.0,candidate,True,False,False,False,True
virtual-tumor-0118,continuous,burden_adaptive,265.0,candidate,0.0,tie,243876100.1530004,reference,539566.7366527108,reference,-253.0,candidate,True,False,False,False,True
virtual-tumor-0119,continuous,burden_adaptive,175.0,candidate,0.0,tie,196852319.59577537,reference,457634.6135310596,reference,-116.0,candidate,True,False,False,False,True
virtual-tumor-0120,continuous,burden_adaptive,240.0,candidate,0.0,tie,247587091.23697042,reference,675675.7621190835,reference,-258.0,candidate,True,False,False,False,True
virtual-tumor-0121,continuous,burden_adaptive,241.0,candidate,0.0,tie,238888195.32793346,reference,903646.9542291614,reference,-239.0,candidate,True,False,False,False,True
virtual-tumor-0122,continuous,burden_adaptive,288.0,candidate,0.0,tie,237371730.58083856,reference,529366.8633547693,reference,-213.0,candidate,True,False,False,False,True
virtual-tumor-0123,continuous,burden_adaptive,179.0,candidate,11.0,candidate,96145348.55894524,reference,-595879.9698205125,candidate,-171.0,candidate,True,True,False,True,True
virtual-tumor-0124,continuous,burden_adaptive,162.0,candidate,0.0,tie,215747294.8164441,reference,726026.6963055388,reference,-158.0,candidate,True,False,False,False,True
virtual-tumor-0125,continuous,burden_adaptive,55.0,candidate,-9.0,reference,111517909.32878077,reference,129978.80348247569,reference,-78.0,candidate,True,False,False,False,True
virtual-tumor-0126,continuous,burden_adaptive,279.0,candidate,0.0,tie,223552633.80046988,reference,444797.51084592176,reference,-231.0,candidate,True,False,False,False,True
virtual-tumor-0127,continuous,burden_adaptive,246.0,candidate,0.0,tie,234999677.2237867,reference,745457.7621863657,reference,-261.0,candidate,True,False,False,False,True
virtual-tumor-0128,continuous,burden_adaptive,260.0,candidate,0.0,tie,212344385.61400485,reference,499858.9389649156,reference,-230.0,candidate,True,False,False,False,True
