parameter,parameter_scale,outcome,spearman_rho,absolute_spearman_rho,nominal_p_value,virtual_tumors,interpretation
initial_resistant_fraction,log10,cumulative_dose_days_delta,0.5555466546692324,0.5555466546692324,1.0012786344991045e-11,128,descriptive_global_sensitivity_association
resistant_growth_rate_per_day,linear,cumulative_dose_days_delta,0.5292705480428729,0.5292705480428729,1.3365903151414478e-10,128,descriptive_global_sensitivity_association
sensitive_growth_rate_per_day,linear,cumulative_dose_days_delta,0.346033118429587,0.346033118429587,6.311989836009307e-05,128,descriptive_global_sensitivity_association
sensitive_drug_kill_rate_per_day,linear,cumulative_dose_days_delta,-0.33578935694397594,0.33578935694397594,0.00010667550554461628,128,descriptive_global_sensitivity_association
resistant_drug_kill_rate_per_day,linear,cumulative_dose_days_delta,-0.26258652172431424,0.26258652172431424,0.002749720216398978,128,descriptive_global_sensitivity_association
resistant_effect_on_sensitive,linear,cumulative_dose_days_delta,0.07980405246751218,0.07980405246751218,0.37054551964884064,128,descriptive_global_sensitivity_association
sensitive_effect_on_resistant,linear,cumulative_dose_days_delta,0.0009299504141965384,0.0009299504141965384,0.9916878058628069,128,descriptive_global_sensitivity_association
resistant_drug_kill_rate_per_day,linear,final_total_burden_delta,0.570505630836843,0.570505630836843,2.0638149360130773e-12,128,descriptive_global_sensitivity_association
resistant_growth_rate_per_day,linear,final_total_burden_delta,-0.17594648416041017,0.17594648416041017,0.0469660694257659,128,descriptive_global_sensitivity_association
initial_resistant_fraction,log10,final_total_burden_delta,-0.16955456876030028,0.16955456876030028,0.055703165614868246,128,descriptive_global_sensitivity_association
sensitive_growth_rate_per_day,linear,final_total_burden_delta,-0.11726332173594578,0.11726332173594578,0.18742953767695233,128,descriptive_global_sensitivity_association
resistant_effect_on_sensitive,linear,final_total_burden_delta,0.0816757462003296,0.0816757462003296,0.35939251726705745,128,descriptive_global_sensitivity_association
sensitive_drug_kill_rate_per_day,linear,final_total_burden_delta,0.06437122321919062,0.06437122321919062,0.47036692169356875,128,descriptive_global_sensitivity_association
sensitive_effect_on_resistant,linear,final_total_burden_delta,-0.04545298480131844,0.04545298480131844,0.6104293725996816,128,descriptive_global_sensitivity_association
resistant_growth_rate_per_day,linear,progression_control_delta_days,-0.29921455462266616,0.29921455462266616,0.0006014259909610285,128,descriptive_global_sensitivity_association
initial_resistant_fraction,log10,progression_control_delta_days,-0.18225073291297006,0.18225073291297006,0.039495966449236176,128,descriptive_global_sensitivity_association
sensitive_effect_on_resistant,linear,progression_control_delta_days,0.18146077191468846,0.18146077191468846,0.040373621536819226,128,descriptive_global_sensitivity_association
resistant_drug_kill_rate_per_day,linear,progression_control_delta_days,-0.06572971445343181,0.06572971445343181,0.4610314436718871,128,descriptive_global_sensitivity_association
sensitive_drug_kill_rate_per_day,linear,progression_control_delta_days,0.04348327916550124,0.04348327916550124,0.6260019776239293,128,descriptive_global_sensitivity_association
sensitive_growth_rate_per_day,linear,progression_control_delta_days,-0.04138262054675238,0.04138262054675238,0.6427933223202152,128,descriptive_global_sensitivity_association
resistant_effect_on_sensitive,linear,progression_control_delta_days,-0.022536914220034125,0.022536914220034125,0.8006492895538964,128,descriptive_global_sensitivity_association
resistant_growth_rate_per_day,linear,resistance_control_delta_days,-0.599206838159216,0.599206838159216,7.896333373086011e-14,128,descriptive_global_sensitivity_association
initial_resistant_fraction,log10,resistance_control_delta_days,-0.5483980812640882,0.5483980812640882,2.0722971809054998e-11,128,descriptive_global_sensitivity_association
sensitive_drug_kill_rate_per_day,linear,resistance_control_delta_days,0.2113068585880665,0.2113068585880665,0.01665150424051313,128,descriptive_global_sensitivity_association
resistant_drug_kill_rate_per_day,linear,resistance_control_delta_days,0.20014764521356634,0.20014764521356634,0.023502259581699315,128,descriptive_global_sensitivity_association
sensitive_growth_rate_per_day,linear,resistance_control_delta_days,-0.1631219475043275,0.1631219475043275,0.06580452694707553,128,descriptive_global_sensitivity_association
resistant_effect_on_sensitive,linear,resistance_control_delta_days,-0.15078386338359817,0.15078386338359817,0.08933470340526199,128,descriptive_global_sensitivity_association
sensitive_effect_on_resistant,linear,resistance_control_delta_days,-0.043898628613225854,0.043898628613225854,0.62270414698924,128,descriptive_global_sensitivity_association
resistant_drug_kill_rate_per_day,linear,tumor_burden_auc_delta,0.5696358267716536,0.5696358267716536,2.267255065640524e-12,128,descriptive_global_sensitivity_association
initial_resistant_fraction,log10,tumor_burden_auc_delta,-0.5059055118110236,0.5059055118110236,1.118780705352918e-09,128,descriptive_global_sensitivity_association
resistant_growth_rate_per_day,linear,tumor_burden_auc_delta,-0.39388390404687784,0.39388390404687784,4.226320388465313e-06,128,descriptive_global_sensitivity_association
sensitive_drug_kill_rate_per_day,linear,tumor_burden_auc_delta,0.2560771836659952,0.2560771836659952,0.003527673846225306,128,descriptive_global_sensitivity_association
sensitive_growth_rate_per_day,linear,tumor_burden_auc_delta,-0.17187213880241714,0.17187213880241714,0.05239219971569217,128,descriptive_global_sensitivity_association
sensitive_effect_on_resistant,linear,tumor_burden_auc_delta,-0.10811893426112432,0.10811893426112432,0.22444576799459362,128,descriptive_global_sensitivity_association
resistant_effect_on_sensitive,linear,tumor_burden_auc_delta,-0.04435428492950009,0.04435428492950009,0.6190948695218134,128,descriptive_global_sensitivity_association
