virtual_tumor_id,initial_resistant_fraction,sensitive_growth_rate_per_day,resistant_growth_rate_per_day,sensitive_drug_kill_rate_per_day,resistant_drug_kill_rate_per_day,resistant_effect_on_sensitive,sensitive_effect_on_resistant,parameter_fingerprint
virtual-tumor-0001,0.03412666444491384,0.03065335912649946,0.010150638323006026,0.08617875710535812,0.0021216345816568094,0.6600767520007224,0.7191607499243988,69a8d903f7e1108c944cd7e1018d28628dbe61ebacf2e43db9286f11cc2abd0c
virtual-tumor-0002,0.07087636789450226,0.026846338869284985,0.017793156224251545,0.11093900696414259,0.000197177531040143,1.1829427031096866,1.4606933775106374,5247abb3e811f851fa1bfabdb4ffc087287941b492f0aab6429c33380ae1a003
virtual-tumor-0003,0.002026491358976886,0.031890886234828705,0.016460422164678724,0.11306698695990422,0.003821336851042763,0.5120474924605525,1.232882575019584,ab7773f117508c7a962bf0f587d0ca1c142103274a16b14d99692d44ce7928df
virtual-tumor-0004,0.03773084862747568,0.023909036997496406,0.018736214844998954,0.056932891546527406,0.006000244699411579,1.4403742526579828,0.8420832008788562,92c557ea27b2669bc4da0d39b06235c083d7cc1930b49a71b4bb94e23adfbcfb
virtual-tumor-0005,0.016348106021013657,0.02783497998952674,0.020328608970444154,0.11225690827683629,0.0039352721922360995,0.6083992782290821,1.270579956515365,c90fba874d8bf4389f4861c8ba00213deaa499e1671fb92d6f92b2bf109f81d2
virtual-tumor-0006,0.05214685996942579,0.03414284732346725,0.023384876448632727,0.08711876566851842,0.002445184281951683,0.6206558037999685,0.8163782615815571,b067bff509417f2ec8cdeb1e94741e5cdad25a81a086cb0e0f9712f3d8b7da97
virtual-tumor-0007,0.01992892863074838,0.030818241386110064,0.012458836121478882,0.06826996825452492,0.012877498690852217,1.0522356477782435,0.6462743265792608,88906f48ee074d660ee6e8055c6a61cf684776bcf89fd9a4b866f586963bace6
virtual-tumor-0008,0.01967746137139319,0.021763507222950323,0.01903300785547063,0.07698461306536347,0.008197617085871248,0.7596892677824141,1.0978160737794314,46d9e6775812a8f6925a57a5bc0a668a81fcf2d014bedae1be89c66882a7a6e4
virtual-tumor-0009,0.025029595126657252,0.022274249694113568,0.01700301834198251,0.09935331767816677,0.010910202614724586,1.0821598390830909,0.785645843858062,3d6f589fde5d43bf3429b64396aff7005f8b032283d366e1ffe1fb7d3b6f2077
virtual-tumor-0010,0.0018141173934904983,0.038170024314716014,0.020898706511325808,0.05911728825484305,0.0115370928867122,0.7936403232351255,0.5283839779855055,7c6a960c0d2d5c17a21b340f8bbda0c2612b880212e534b26e31372d7c7b3d6c
virtual-tumor-0011,0.09696906106956715,0.02311972373627237,0.015479606996034321,0.07409923177202613,0.009159997420707104,1.4277364530308456,0.8239512300027911,e0ba4979ccb44adde0a201cb5758e85ec42b4a00aecfc1f98cf853bf1776cc87
virtual-tumor-0012,0.0012398498654867468,0.020999621592785147,0.019296442613964196,0.11580587110893625,0.009812710479787457,1.109192688111067,1.3336390390908552,2bf0295c7a9567cfb60e4ac81d11df91ddbfbb49beb2c3cd05db48d52401b49b
virtual-tumor-0013,0.0025914481012847762,0.03029296952222416,0.018295661538676483,0.07928015597332927,0.0028996406677860532,1.0866812428668817,0.9599855267551214,75282a38f20f8f3a800088c34eee9084139efc0d9dac5577c7eef2632c1c1ad0
virtual-tumor-0014,0.0448566058843715,0.032195619041635176,0.022163243021780975,0.10539957038917855,0.0036702108385077733,0.570126003052279,1.0345126507238598,2e1ef01af3e3fc159f63dab4d072cb655b105cf35c8c597a4857533fd1455136
virtual-tumor-0015,0.0015358744046999513,0.03295353955373869,0.022212362265348333,0.09101272751894884,0.009677839202350923,0.5360160975225561,0.5384903858710077,e944fb9a49ddd531a23b0e3812a9bee03d9ddc05ccaa3e78a44d056023275501
virtual-tumor-0016,0.07399062581885159,0.020926181648594767,0.011414553365989927,0.06140417286703191,0.009393786565427609,1.326743182167314,1.4212167567021774,fdd02896bd1c5104a3dba4aab83334c509f761d04219e294ed1ecdfd0de13f3f
virtual-tumor-0017,0.003668850569565978,0.025691544075995863,0.024488761254334572,0.09330439495427148,0.0017275448918577815,1.1118619249033517,1.1051849665209492,84fc0ca067812f7d0eda831f0c51976d36f1ab6a171d389f7a59958ca4bd6d09
virtual-tumor-0018,0.02708663190137809,0.026164671387824422,0.02426073627706628,0.10362685149654577,0.004940961503971236,0.8000779874080082,1.0726859110813276,a990e3f1eb029b83d597de54809754f1c9e204222c699e8ab6b662b383abcf89
virtual-tumor-0019,0.009130317461243763,0.028112651636326164,0.017221360229047328,0.09818132959288367,0.00729520737779878,1.145877065868933,1.012556339300735,585e5b48d76ba39da3f250ec650be9bbce1cca4a630b5de2d5088fb3b33f84d4
virtual-tumor-0020,0.006086583238132609,0.024567600115932255,0.022371515470283113,0.09520081678796469,0.004390739092573429,1.3294375066295148,0.6120760219200205,375c12a7b1d98f5428194e803bbb4e1741d28c6a468b26ed32055e1e59c1fa80
virtual-tumor-0021,0.007623783574965903,0.03353788801187431,0.023537777096043336,0.05547121100582638,0.007966941633779385,1.3504750076064105,1.3382950380210699,760604dba27b6dac127f4b01c6dd88b38f96087cec6ab1f6ff6086aab7852e8f
virtual-tumor-0022,0.08672618077552763,0.029637611644812423,0.021771018014342374,0.10256103145138629,0.0031616278867625715,1.1511979507427224,0.6684583782076161,edff981fa0cd6920be41e70fb147908fcc35083eb657cbd820fb197b2516e160
virtual-tumor-0023,0.014360216261830198,0.023872619288945657,0.009879989225558583,0.07154270184769161,0.005419171493596712,0.6394842529386502,0.8026832809470499,b2e057cd7e3f736fd193468e8df7f634b0d8c6cd989aff1e702f29a9f70e2b53
virtual-tumor-0024,0.018212933382177197,0.029227090926972996,0.012821272068380862,0.06549949129451715,0.0008037870539716071,1.1283185697251208,1.478797244545628,c805a6b713d0bc8f3caa3ae39a90292b25e0303432ddd5f78efebeed7e67d0ee
virtual-tumor-0025,0.007934354147738038,0.037601966771962515,0.017104183238446834,0.11490490691434466,0.004614516326119102,0.9152653404888877,1.2893429600469326,26939c2dc35187b8e16369039a29d9f51f8f34b12b1c98f3b3df8eb2820c3346
virtual-tumor-0026,0.005306453338415687,0.022877986612393174,0.015382821923616823,0.06058095468467708,0.013182493115099047,1.4180013953468031,1.1184639976574178,eac620c3954c6076948fd562d7ceea81d031608b8aca6ec4bbc667bab4502f2f
virtual-tumor-0027,0.001729520065747237,0.031413945956238684,0.024873117457129397,0.0970508515046818,0.0029323992298338217,1.2738500554796883,0.5980812423701544,dde017780984a2f054a35211b711d15ed8fc0168c89fc11f18249e5ba9fca605
virtual-tumor-0028,0.001452257804686079,0.03162087720913431,0.020465322784381,0.0627952015995496,0.008978526114735623,1.304959674611562,1.2846177840440465,a75fdb345683c16b3d8519e70b843f571114bb469c389b387cfc69c1f807f731
virtual-tumor-0029,0.0010282366113052931,0.022019501317080005,0.023731407620510344,0.05093693807610796,0.006909296759488548,0.5861189654870841,1.3508046027609855,53fcfba4ad16261e31bbdc74f6fd2b2abf252d0f3d2d5d73070338c18cb2cdc2
virtual-tumor-0030,0.004167166409200646,0.0347874317611308,0.013992396077698139,0.06235408138720172,0.009592023416929078,0.8359961486937499,1.3759180029863485,10d5204d06e0ad65a17b8316671ece3980ba038f1a57b486009c389af61aa105
virtual-tumor-0031,0.002285162858056319,0.02861179532244771,0.02276422200588985,0.11167688030958484,0.008619480264148178,1.3579931610152352,0.5572598629656076,0bea768b8c79ef45f36e2963fd6187f7a9735eb7f3730a2cf391634d021d8c4a
virtual-tumor-0032,0.007440016370004877,0.033403043365745524,0.02355786820395054,0.07516591261460932,0.010125568941143734,1.2257268048401273,1.2767892665731049,b20f97d8461a502c845d0dc11a02a4ca0ef8ef3e729db875cce3d2149de6889a
virtual-tumor-0033,0.00196870995366809,0.027628853779758804,0.015093354006720999,0.08804143951257036,0.013422254064091066,1.1705634380881405,1.2183384359041374,80a1e459f12c9b56d819615b31140752d95cf5e3fb8fe5d1884ec309ed8fd6c5
virtual-tumor-0034,0.011262225537558313,0.02026803236400247,0.009089299186579875,0.11952870606261481,0.0004896611439634958,1.014316635038469,0.9965968178153061,5fc9d89b3211cf8cf84a5ba07ae84ed947d222597eb3a4fba736b3446b043eb6
virtual-tumor-0035,0.07957540417611654,0.03248825654203408,0.012221323250951594,0.10599678753439427,0.013725663732758032,1.4470249157537394,1.3124495546623973,71bd19e7c62a4ac48ff0edf41d4c0d2d2afa276038a86d2b467c3f52a3cd03f0
virtual-tumor-0036,0.06673472384507409,0.038067643379573066,0.01299083041147444,0.06866857413642245,0.005519405215441971,0.9912878832773935,1.4409766879285468,a52d73c1638a99c9580cd3259709fb83eb8306400245c99031ca7e0da61fb5f0
virtual-tumor-0037,0.004647202982792362,0.037271161685910936,0.0110037285350685,0.10687590819950965,0.011801981859531562,0.6323120117143416,1.0612321629545862,fb823a6b3bb764b38e36de36a076eed54b7c18a2087633b74dd8c97bbac5b53d
virtual-tumor-0038,0.0011587013716116412,0.025376964307699014,0.015575101696739964,0.06327529494963167,0.007417356322215766,1.120790694420606,1.3519149589508537,68ca8a353c4816688bdba9656d367783d8edf3e904d782f5ea0bf745bb957fcc
virtual-tumor-0039,0.002909361181384278,0.02321813164894287,0.011598119196086026,0.09308696319168792,0.012766408477829005,1.242938244007593,0.5189962422163075,9b3c8ea12d2b2fe529eb89d3ecd1d281c72a94481e2d1e38c821831503b8f197
virtual-tumor-0040,0.0012753894137439658,0.028150864331677388,0.013139813992640735,0.05942684441746283,0.008888179330992438,0.9786768136896161,1.1302213339124623,07611841a5dbd4d9c530ddae1b62e035d35777927d6feb6c7b571b84394ba0a3
virtual-tumor-0041,0.0015760151663997135,0.03892689106832837,0.011743125506960668,0.08321845512858796,0.011935703279226821,1.466808521957589,1.2550911677182421,0f0ecf2656c5b3d5ec6b00f51a06292a74a24a93819d9f8f7485b8b525221d6a
virtual-tumor-0042,0.0011422768505706794,0.027704739792800637,0.02008788756516032,0.11674531133038504,0.002589827634042273,0.8682681958602816,1.1357557344365223,255e631e52d0b383c771539173c58983f2cf055a835f824976b76a8cbb2206a3
virtual-tumor-0043,0.09416815931542977,0.02667906473128804,0.013465027053348759,0.06749931278050526,0.0051192846179758215,0.7756978135632995,0.8716021711768024,fdefc928305f730680e7f51ab665bbe8ac9efc525381c52e444205e87aa0a085
virtual-tumor-0044,0.011560630716795922,0.02114077323309077,0.008935020094471094,0.09260295920191676,0.006383017575146106,1.2924712239038614,0.6816986122058232,cd68cf10fbc3ff6e6230eb55e5d2d6e86d0bb0ed295626d1c7a37cc266daa255
virtual-tumor-0045,0.013751004462840975,0.023666778375243017,0.00811281211195072,0.07110675702210106,0.01360919001947954,0.6744852442731153,1.3832798776352915,54fe2604bd83ce819de6f3b83d4b6766a92da102296ff0b232556da14b2ab7bc
virtual-tumor-0046,0.006265994876896567,0.03118300510183481,0.015758693755864583,0.06164785980920565,0.012981721724218088,0.806397317256208,1.1889724554922836,3785c1b922623754325ece4bb3f4c6447163f9b67f6b7edd348959895ce7846b
virtual-tumor-0047,0.001108321077470326,0.03502183881421156,0.02063758921315649,0.10748316348413992,0.00482005179996401,0.7325364627231407,0.6341098643157341,558a1e216f78a6cfad99e62ac025f37417ea1f78a25de078b70b792ed87db6f8
virtual-tumor-0048,0.03288474889614948,0.03435274564751915,0.010653620947994356,0.09621790034766411,0.00908699582839479,1.4333178096707604,1.3010515683694475,21db82c3d457be70874046abf67e76e863a7d287faba027892d207c6e0517837
virtual-tumor-0049,0.01216042375838968,0.03615304126245733,0.014960943634702772,0.06031011468026745,0.013939716763575666,1.0429747355396897,0.9828981476737494,4689fb143cc18d9b5debdfa2ef877d1584e4c9cf786fb403a450be423784a0ff
virtual-tumor-0050,0.008388118021580477,0.039833740597296975,0.017630598180924335,0.09672115683203705,0.011232009203445465,0.8188754376308816,0.8281677586627705,b33853b66dcee852934e2b83b285f0cb70a332f5fcd5508fa56be6e3fcca6c72
virtual-tumor-0051,0.005858799455919537,0.039158496834459676,0.01890601222120078,0.11751760837786539,0.0015840257211151676,1.3858943868588964,0.9695398919213718,fb60fbe42489285829c87cbb1c52170b74e44c876e30e7ffed3c146e5b1cdd30
virtual-tumor-0052,0.015006230854507764,0.03180058639823713,0.014127184440373728,0.06766207299992798,0.0018434924972639995,1.2011626623411489,1.410428891820124,59644ffcfd80af6629ab41e5b0097a37d7e0d0dc88172928aede15d463c2d484
virtual-tumor-0053,0.0024755188053476973,0.03870231220762789,0.016177592069242783,0.0813497968057513,0.00847317967107141,1.059786615116166,0.8584278407795511,385ac96c9b5636e1930f1675e2a7d1fa44ec76baaf2bad2aa89b67467b2c126e
virtual-tumor-0054,0.010230985608207434,0.026443228494218374,0.01816063874787588,0.08961474248516323,0.012450562090025407,1.0267460577709349,1.373730279248342,85faf2d5bcfa25c6c28825144d3873ca8c2f3ed645bd977975d71127010d4e4e
virtual-tumor-0055,0.005763203995811143,0.020644336531820368,0.014857724179657115,0.11357010781024987,0.00833646017999154,0.6946302487129339,0.8622895358402973,068fb3dbbf186a2f7e1354eeade9bcc4208a63248526eef7e46f5854be45c1e9
virtual-tumor-0056,0.003956356868168885,0.021326341257086177,0.011304925602290905,0.05787574132053701,0.009287490875906272,0.8936723639855979,0.9638629995035073,ecbfa77b5050b476839d6b955c8e76ac79e6dc8216ec40351aa4d3ee1de7d8d0
virtual-tumor-0057,0.04212291142997642,0.03695014225442189,0.01233452298293619,0.07841519257108688,0.0035024497369321927,1.1782908655202957,0.9294029680642355,25b5e2f7f50b3fe776d6ba752fcd30a0ef8a161adbfbf18b3a5938f361e6898f
virtual-tumor-0058,0.013940562712549705,0.03459142023376568,0.014415468580186986,0.11844165453757048,0.005713301315976593,1.0355639447543696,0.988138777745017,79fff6993f2b396e2ff9e02b1535dcce0adb4853c1962deb848009c643570446
virtual-tumor-0059,0.046054415356640836,0.03537763896384295,0.02151660768088303,0.09018232821563336,0.006736112266444485,0.9345286603591396,1.0263280028738062,9660f1205e6560daa8bbc615790872092a306c1ec9a3c5b0403453240ce661b0
virtual-tumor-0060,0.0024387216969355987,0.03645263694915177,0.01853395048249728,0.07371544134706202,0.002719265316454855,0.9077546158064915,1.4929241097928752,811ebab4b23d6bc65ddd07d9596ad4897828b6058a026965b89c6182ae175fa1
virtual-tumor-0061,0.03646738742909313,0.03671075905104927,0.014279119408424074,0.08221589482038755,0.008083871095676312,0.7025302695273321,0.7077921447583894,72100d1bab8bab164ad5244d482a4a0a6895a6f376d77447caeec3edaf33dfc0
virtual-tumor-0062,0.005196362537075149,0.030475542978439497,0.009395133022135006,0.1084405743707958,0.010004443668408781,1.0702503281681879,1.2038813292914452,94d20666d3580f83cb86baf44f8cf23d55d351cc13bce42ffdeb11599d9e8c8e
virtual-tumor-0063,0.004283812943629494,0.03708255643828198,0.020533815990189504,0.053956386410397586,0.0033655444375418936,1.190012075642507,1.4327908851677564,36f7ab1bd720f3861a941d1a3c7b284ade583b4136a7caa5f281d3d9b8bd1730
virtual-tumor-0064,0.013054440407380543,0.0384691257176759,0.0229860716635887,0.08075356873579412,0.014174203772449826,1.1624020615205586,1.1147666153873317,f143bca8b8f05de1f1001e90bbb463e969a21ec99c8e7b49a6d6f8d7171fde19
virtual-tumor-0065,0.0027536628995624207,0.024079553749494647,0.011981722359784543,0.1189321576671905,0.0013919959844309532,1.0170027842188132,1.0647218526138547,8296684fc2d2d58e285d6ee5703650e1120913fc92be722fc258a358dab132d8
virtual-tumor-0066,0.003546790119751226,0.024938439971984378,0.013645640598074986,0.08426359956742707,0.005891966409008377,0.5968754800479278,0.7578485843659635,ab93fc3e3d4c720a5d84bb67ace6e5a3721166f1d8a83b7d014f2d25a9605514
virtual-tumor-0067,0.060815190955274434,0.03923360871066093,0.008756781666622164,0.05330802702880961,0.0032082591422291813,0.6690015820321473,0.5110052295106774,7ef4dbc2084a3ffc0430c0c19eacb90eeea8fcdf7c32799fd971505abecb7572
virtual-tumor-0068,0.006680295802536646,0.025250485493334175,0.018083265409015767,0.09980146195604911,0.014651959520948575,0.5517615481008902,1.0189451514505166,641d7a247478add00431148a1c9ad1bf6d4c59bda315d764b900bc15e26626d6
virtual-tumor-0069,0.054643301049539315,0.035682423720330494,0.021064090852643207,0.09435259836728138,0.014001800479639025,0.5834799040684454,1.0076730023149831,ecafb4622a26e0c6a35543e260c30ec3b6d566aa2192fcfd4ff1aa346619cf6e
virtual-tumor-0070,0.03961906464104449,0.039865219989068404,0.008521660330569756,0.08925677880981484,0.012333797625453006,1.3757246568548789,1.2428182443750213,931ad71c447ad41bfa8ef5849bf18710ce89c527ff807548c005271c36269b02
virtual-tumor-0071,0.017645070971944395,0.02628872493171115,0.023139181726918916,0.09591308171854021,0.0009272557903291325,0.9973707285721023,0.7787532719192962,e3a23efe29d84c9b7d691e2998f1b07560217a2be53b47a847b768c8781253b3
virtual-tumor-0072,0.010574861257684564,0.03789573785563527,0.01204527758532652,0.07471983228623605,0.010657211584773996,0.6141424019096348,1.148750742264631,272f932e5b84a9efe4b8b1b458881c9144e7acca24fece5151e820a3d49d64cb
virtual-tumor-0073,0.05685655898929123,0.03444731240087399,0.024854849699817622,0.07757364628129194,0.0012578314341284565,0.9620156056042806,1.4702294022786941,c988a2ed793c39d4c58d08bd30aaa9a2b46f75dda92a4b687af83841233ac3ae
virtual-tumor-0074,0.03882021389439625,0.03377102378256455,0.024625591820999413,0.06481200633895706,0.004476180724306714,0.7245702462951538,1.221914016105436,2ce644ec100292faea62c509a50646fa9ff9784c3a2af3ea3f134e0ad338eaa8
virtual-tumor-0075,0.0018476603733580915,0.026891449699977206,0.018465607788929573,0.09405743712001274,0.005385339655295602,1.0008737875185991,0.8771120452203072,3290a10dc2354094131bae64882b29d53e03a7858c272656d99428054420180e
virtual-tumor-0076,0.0014049545666646281,0.022035134295529103,0.013437422695037688,0.10157718669087501,0.0019667531402374314,0.9536690674733703,1.1735494250223046,a60b25f8a7675a3c97784e69dcbdd92fc56922365dc02200aa779f87da301cb5
virtual-tumor-0077,0.002156078000342735,0.020427966250611804,0.023214464689660028,0.06432134029481067,0.009878441351122268,1.2093858549518963,1.3199899025466557,aa2a132ffcd9628d0ffea6c09e563d024a6b35fac186fb3b7422c76962f13e36
virtual-tumor-0078,0.02974822971189478,0.025883114222746872,0.01658605565779235,0.0515168784983798,0.010886264306534018,1.4696789870940155,0.7545232619121113,05d078fad8e8a6256bbace0ee8cdef8505d81cae9a1377e1584be9e6df2926f5
virtual-tumor-0079,0.012505552549795821,0.027041649821399248,0.017380017282624984,0.09810300169189878,0.004733684412022631,0.8577930534037559,0.6579260857231262,6e6e77e3fc3171270acfa79c6e7aa5b90db83dc5e3b33434294a1b45795efc10
virtual-tumor-0080,0.06460402822310246,0.03839607705661098,0.014721771783590803,0.11424680029717636,0.014198856665356653,1.2276867866881136,0.5028021311838118,623ae040b005e88944b48ab882734ea161164cc92eea38d4487152e58f8335b6
virtual-tumor-0081,0.005017692691056153,0.03598867118193946,0.008633795646756051,0.07968685829107677,0.004172082979203247,0.652691784390948,1.463364485820946,48fbd104180ee086cc5ebc20f094dc64e31c5a8bb7ad253e351fde654d5788e6
virtual-tumor-0082,0.03203710923637707,0.03325031654379275,0.015898908245910413,0.07061766930240973,0.007161409227425346,0.5734349698059659,0.6939592959525293,2f3d4c1128785c3fddc9ed5f250726f8b08f34977a9ec83b94f867e38791813b
virtual-tumor-0083,0.007157612932734554,0.024499502670050806,0.02127572887558841,0.07884872983211128,0.012249709030580602,0.5410555228986514,1.0861247684025621,40c0a778a9bbe3152d97a9e5b53140bb55420f7423deaafd9b6193c875c62a7d
virtual-tumor-0084,0.04336785906012006,0.02946736622126734,0.019862001463176827,0.10114161051631249,0.014779564841102369,0.7832641282007997,1.1681425851092373,204edec94b0eaa0f33811464e8fab731cc308b306dff67e0f21f9b264b844642
virtual-tumor-0085,0.009496898888018775,0.03371546818040283,0.02082979911668021,0.10452244750619291,0.006567793724647198,0.7706626499559319,0.7374412869864448,b2bd471647fc6232b0d27c8d9836737aa2d1d86012b68ac2f3f21ffc89f976ec
virtual-tumor-0086,0.004504385967158581,0.039544452065441174,0.01147611854210299,0.10655595839308468,0.008211541657090182,0.5308822067850435,0.5817329524332011,52412cd9a65e18a80f5f834c7f4c5faeb163f4e16ccf86f7f183152aa8dfd5dd
virtual-tumor-0087,0.006894666988208308,0.03747633757637088,0.024170629788574302,0.08056867012432899,0.006272110816566388,1.2147754487999327,1.1807783097982743,a87176abde3719f46ccac956b34b810609f868446c042c9436bc00b1bfa93440
virtual-tumor-0088,0.07658196943343099,0.02150982253324431,0.022631123220096805,0.10987707140980862,0.000609321327292909,1.266152488126464,1.4919091655850898,cacdf4e14ccc5bd3e32a586040f632047913b6f748f3ab666fd2b862ef411b58
virtual-tumor-0089,0.010964469198939555,0.03131504100401612,0.020051763856518176,0.057125566486242216,0.005845433912334125,1.363585482548939,0.7659261093697143,f9a83816e769438c42528b1753b63651c75607c4ecf78ec6339e58f7c61f9699
virtual-tumor-0090,0.023259042471603885,0.03278805858618715,0.01680762219203913,0.08871436101374919,0.012110076813953503,1.412127569644012,1.4458056028961241,e9e18580a5cc72047316788d7a89958b34914574a2d714815a8ba0dcaa64589b
virtual-tumor-0091,0.004750679463043123,0.037781936223116735,0.021588174575536356,0.05259187658432309,0.007089317174604916,0.6815953515684835,0.9216048121365761,1c89172f7ed098c10c11aeed860333c894bc18e1f966aab4538fdf3cb0caf3db
virtual-tumor-0092,0.09137841201226661,0.030976466808723783,0.01959906414600411,0.07237555400953116,0.006990529593838202,1.3735874990569843,0.7025586317158207,1689e0ade0225da17510b338d80036d9c97f5e553dd10dd80a5dc3fcc907f8a2
virtual-tumor-0093,0.0030226433645138833,0.02244280861120017,0.011060312182631742,0.09869434012915108,0.0004642440972118397,0.8294351524974827,0.6257393731894484,ba1ce89e55420f793d17b2b8aa05edc5a4a60ea7bd9ab06633217405599e52b3
virtual-tumor-0094,0.001339682164389287,0.027280380259961948,0.02199682272513892,0.08572323800235787,0.011271034227228057,0.9251781275980218,0.8840670961920697,573d8f5fecff85b300ad7dcede0b7bad488ff4d1aa53c456a942edbfedff3440
virtual-tumor-0095,0.0847953409311178,0.03216147789902946,0.015200778788701942,0.0553911622759667,0.01067820179735668,1.4772342371102418,1.0530839887376373,629f1720b512e45a7dbdcbed2ea91a399ccfc9c3659c9306634579c04a634b23
virtual-tumor-0096,0.03120492661032383,0.024348348221075428,0.010293772646659396,0.05629706292146988,0.007840036154714815,1.4547529636049612,1.426308188387104,1b1ba28991149a2717b1c653df14b7e855cb8446b6d9d7b830decdefd820e5d5
virtual-tumor-0097,0.05319508467493993,0.029749004758880003,0.009211903926157781,0.0694550080865126,0.008683239596332673,0.5015822063119078,1.1454587092044504,48dc37bf72dd6fa4df285ca885b0101f28a1ba8ead530d5b7acb2ef3392474f4
virtual-tumor-0098,0.02782730779963408,0.036357147397727496,0.023856826063822757,0.10480071435864638,0.011630303785901156,1.3370848729282923,0.7494054718792612,1beb57336ae476107159f1bb56cdbf29368deeee9ca3aec457032f32c804b470
virtual-tumor-0099,0.005481256511374845,0.02875330437755257,0.01390672553438441,0.10325715083171325,0.014990255672769045,1.3963890434070811,0.7339493741486086,8c559d7551ab08b6280f9ce1180245b4bf73725b709659ecc7ddc88c6ce55e65
virtual-tumor-0100,0.021356594307556594,0.022678178062041237,0.018823440687428097,0.08255521831148402,0.0035618706900175877,0.8463760153791358,1.1980011021723698,9ff931ea505316d32bde8da78ce23db296098381884e2bab2b2eb74058a32a7b
virtual-tumor-0101,0.02877918272722843,0.02736658956940511,0.02254630079023784,0.052113921549717945,0.010403010115743112,0.9447882873626036,0.6777776526755737,67d9c8ee40a09d137b3bf2e519fbec920d139e3aaba18c3bb796ae513daae36f
virtual-tumor-0102,0.00809905462446045,0.023427034878375032,0.01008975436377264,0.11668067908774407,0.006115519468930205,0.7097134600450155,0.5499335310900832,5fbc53c70ea82d9a7d05aae7e460e5124876565146ee3917ecbcd158cb826c85
virtual-tumor-0103,0.0013232967770948716,0.022516546469336055,0.016309516580526116,0.06684781415951828,0.012055614274201824,0.8810494992279926,0.9499552554242311,0027198dd50f8394db870b6f83a3a99de6abe5fc59c714654ec9807d914793cb
virtual-tumor-0104,0.002645814753600901,0.03523091832406621,0.009677423448107804,0.06415671116681274,0.0051960325493213555,0.7459422471167367,1.3666865164219617,0e5870cb8ed694c40a21075ba20d6536722b557c75a50658b71989c6960ebf2b
virtual-tumor-0105,0.001053131190982238,0.029089787729833727,0.008908169247790169,0.07023305158287815,0.0077199270465544475,0.8659310458299556,0.8113448854458529,f7825f67438eedb8066a32211b1915c7281741aa89b87ef6eaa6caf983b267a4
virtual-tumor-0106,0.0031995656175259025,0.03312180791884166,0.015998711552808374,0.07659701420739551,0.004032321091127906,0.5211046179784643,0.7161636535858718,391c8e12879f059335e1dd12a2fbdaa891eebdb44d27197655c849bf262868cc
virtual-tumor-0107,0.008870412091893713,0.028325737512865302,0.008140413617051605,0.08461685023754717,0.0020589766193720538,0.5571913372006095,0.5660238007826973,2285cc72f23378b565144d762d581bb05980f90fbb6801aedc43b83f70075647
virtual-tumor-0108,0.020552037142906456,0.025135584211527503,0.017477587302231673,0.08734240066662116,0.0009623610243191369,1.0781204836658138,0.846333719271454,df5e836382ea80faf2bcc16ba7d608aa83f0d974b3c04234a7cb91b86b668ae3
virtual-tumor-0109,0.08082941628395605,0.02171181613391359,0.010796300823084783,0.10198099401390814,0.013304267070255761,1.3029267490725955,1.0849557363776157,b21034924aff8256cfd9ca6ce90f8c54d654a29f2bb54bba0b0d622c8fe1f79d
virtual-tumor-0110,0.023851729287710857,0.02048922777368083,0.01926807722334118,0.10934040402271017,0.00758962541632116,1.2511994181410517,0.9104413119043144,6b1b983a97f5761fcb72c428c8bf4dfd9b4b8e0cfbdc86fedb8a280b8bf6e34d
virtual-tumor-0111,0.016883155767537253,0.03686192937805284,0.01376459831752026,0.05869292532575671,0.01045392346025555,0.8270357024944873,0.6514773180587663,506f1946d120e8a4a12e2ec57c088b78c9db1917bb7c7d41ae02c67458b4cede
virtual-tumor-0112,0.015562788037107204,0.03888448735442592,0.019710475824752008,0.11520295079126906,0.011415652491950387,1.4857522762892352,0.8966789679951666,bfb829c3e828ed23802820f0fd74f0188a0cc794295a5021dfb15eb427c2dea3
virtual-tumor-0113,0.0595216971437665,0.030078832224534724,0.021413460125265016,0.1085162993310612,4.6289910942252704e-05,0.9749276404210625,0.5747494861752226,e73b42346820b4c0ea23c21464785059142e10176cb0d04898217d700c093fe2
virtual-tumor-0114,0.01870573574128896,0.023563181393064528,0.009559907798293675,0.11033841086930268,0.011046625759119294,0.7403327350934581,0.7892697846656724,7725ba03be2e3c7223206fc087a503d9c8273cced18327afc80d2c480cc9213c
virtual-tumor-0115,0.022648365488638012,0.03044548931669097,0.0167194637653192,0.05317235165193332,0.002554464543259961,0.7185797221153482,0.9023171131159866,692f9b2a8987c9ed5dc09df93558d76510a461da5f1cc46a83ae7f21dd5748eb
virtual-tumor-0116,0.00385086141482818,0.03948839306691741,0.008372003011811785,0.09200800539858009,0.014560920071030459,1.2412427248410856,0.9389656975997268,4912d145bcd35f23add9bfec5f0e0c282dc7bcd4d5fa4836d8996fe2675551fa
virtual-tumor-0117,0.069082271417765,0.03488538489335951,0.012534900111947703,0.07304223190571808,0.0064757156062329535,1.099436275773193,0.5463498407785702,86758bbd6bb94d5b12d51c7893253ddc74558af397b1145deefee602194f92ea
virtual-tumor-0118,0.0034561040548627218,0.02552721625678237,0.012774081372738185,0.08368243855930832,0.014438404365627133,1.133214212144976,0.6201452561528104,cb2c5249a8072c617f45b305ec49dc2554de8f3c44a087b3e21d35c87ca6e8fb
virtual-tumor-0119,0.009915807959431337,0.03583849882028535,0.01794585038339299,0.05471510034481459,0.010284376754501254,1.2812540526887946,0.591084011014193,92cd40b6c3188a895e702c9c07f3dbf633959748ef272e91983293e5b1f1189a
virtual-tumor-0120,0.001681428277291004,0.02846150209299876,0.021906186782915844,0.11820163330399823,0.012557959460490459,1.3175957625505146,1.1598572437280041,3c0f32e309cb9cca37f2c5e3ae9306b78258ea9a4c2dd29d7543b9af7b07a396
virtual-tumor-0121,0.0016442984606145881,0.0260730454112113,0.019459143706361502,0.07269362626350878,0.01436184568969218,1.4004488434322184,0.9363722040758,6f49e9828f1cf0d98ad14dfa59527d179c91113db6881d6caaa4ffe3edbe2c5e
virtual-tumor-0122,0.025622994101185063,0.035505089053207636,0.010484909217607674,0.08513200034620208,0.013068475959525906,0.6431423099517417,0.6040680902085475,435474b9a41188bdd1e9514a8e796cbf35fb99ac54f180a2f7714ef5c5536c68
virtual-tumor-0123,0.002110304480135739,0.028914905532681917,0.024398269983447164,0.1124861281096802,0.0011097422915829875,0.9529751651994769,1.241987633774288,39f7a49c2e8bcd71d2d071908eb35dd0bb835e20aa85a8d3039debf5c9d6cce9
virtual-tumor-0124,0.0031585833343326973,0.02989343610889876,0.009839603349187133,0.05036930776567753,0.00233249687002477,1.493557394620734,1.3206281189753293,00e12ccf5b577aa12e433c98a4bf823575762334253f25d80725b9dcd2e56b9f
virtual-tumor-0125,0.047438262550886186,0.032515486428371855,0.02394813154548426,0.10056139257006894,0.004328365004246073,0.8837164388071049,1.399654356804489,177cdc2ed8c13a3b88b19b5b0f7cf3232f75d46133a25efb4ec51b65f7b1d403
virtual-tumor-0126,0.0023622726267538705,0.03399001063061682,0.014564643395567053,0.0913845454952229,0.0014506702376996842,1.2619831251037028,1.3971461536275542,1767eb8022d5831d55e68724ea458abf0e686f89a5071960676f67ed6d769399
virtual-tumor-0127,0.04886592327724095,0.02012564445721598,0.01073747063516883,0.07595101245433603,0.013527487861488009,0.7535660327696427,1.2646203834901657,b21608c004601fe26cbd0033c38e04950caf26f5590af89ad29b836195a69d30
virtual-tumor-0128,0.0033221055971187166,0.024770432748531104,0.013265913778431018,0.06625183390886648,0.00025187978394939264,0.9062391368360305,1.0399874928373334,d69aa955bbb9d874d2b5dabdfe7228812edb6920bac4c05d2ca07bad1b98b3d3
