strategy,initial_total_burden,final_sensitive_cells,final_resistant_cells,final_total_burden,minimum_total_burden,nadir_day,maximum_total_burden,final_resistant_fraction,maximum_resistant_fraction,resistant_dominance_day,progression_threshold,time_to_progression_days,tumor_burden_auc,mean_shannon_diversity,control_time_below_initial_days,cumulative_dose_days,treatment_fraction,treatment_cycles,virtual_tumor_id,resistance_control_days,progression_control_days,resistant_dominance_reached,progression_threshold_reached
continuous,1000000.0,0.0012518506349189168,587238.6695703238,587238.6708221744,74450.11008652476,83.0,1000000.0,0.9999999978682422,0.9999999978682422,52.0,1200000.0,,88726992.67834109,0.1331411989241648,365.0,365.0,1.0,1,virtual-tumor-0001,52.0,365.0,True,False
burden_adaptive,1000000.0,4927.213033812238,759901.6397482491,764828.8527820613,478437.79207200994,96.0,1019250.0695214202,0.9935577573781513,0.9935577573781513,239.0,1200000.0,,257598919.1945107,0.43157571868655864,359.0,183.0,0.5013698630136987,7,virtual-tumor-0001,239.0,365.0,True,False
burden_adaptive,1000000.0,3.3691801436338364e-06,7859053.857843562,7859053.857846932,476183.4835656071,10.0,7859053.857846932,0.9999999999995712,0.9999999999995712,97.0,1200000.0,176.0,944360473.6024898,0.1833577853850163,161.5,299.0,0.8191780821917808,3,virtual-tumor-0002,97.0,176.0,True,True
continuous,1000000.0,2.1635783314308354e-09,8029938.330040579,8029938.330040581,169204.37828322925,41.0,8029938.330040581,0.9999999999999998,0.9999999999999998,26.0,1200000.0,170.0,946238424.7852222,0.0793579095432504,157.5,365.0,1.0,1,virtual-tumor-0002,26.0,170.0,True,True
continuous,1000000.0,1.26955317224511e-07,194361.31274078466,194361.3127409116,6752.900050082951,86.0,1000000.0,0.9999999999993469,0.9999999999993469,66.0,1200000.0,,27485696.16556056,0.09556455987270392,365.0,365.0,1.0,1,virtual-tumor-0003,66.0,365.0,True,False
burden_adaptive,1000000.0,397989.1515055305,328080.6826494963,726069.8341550268,473304.2756113373,9.0,1028205.9871692968,0.4518583023509088,0.4518583023509088,,1200000.0,,262546435.12478116,0.23753678106591786,355.0,104.0,0.28493150684931506,11,virtual-tumor-0003,365.0,365.0,False,False
continuous,1000000.0,2.3430519676136012,2433278.5023371344,2433280.845389102,157688.0211272015,92.0,2433280.845389102,0.9999990370811606,0.9999990370811606,71.0,1200000.0,290.0,261742235.82037008,0.18369248759727413,272.5,365.0,1.0,1,virtual-tumor-0004,71.0,290.0,True,True
burden_adaptive,1000000.0,73.47147261670476,2921663.5467428756,2921737.0182154924,492904.0263946953,81.0,2921737.0182154924,0.9999748534956573,0.9999748534956573,144.0,1200000.0,266.0,389129023.413992,0.26650911156418994,246.5,298.0,0.8164383561643835,3,virtual-tumor-0004,144.0,266.0,True,True
continuous,1000000.0,2.4445776558774715e-08,3540301.1968732965,3540301.1968733207,48019.72088465202,57.0,3540301.1968733207,0.9999999999999931,0.9999999999999931,41.0,1200000.0,274.0,294869227.28217643,0.08666403113264591,260.5,365.0,1.0,1,virtual-tumor-0005,41.0,274.0,True,True
burden_adaptive,1000000.0,0.4604479206638578,4212957.263510281,4212957.723958202,470829.865986265,9.0,4212957.723958202,0.9999998907067313,0.9999998907067313,169.0,1200000.0,253.0,476640313.95665634,0.27281239711256533,232.5,212.0,0.5808219178082191,6,virtual-tumor-0005,169.0,253.0,True,True
continuous,1000000.0,0.00035624431823523696,8255804.104425843,8255804.104782087,205002.9593595688,52.0,8255804.104782087,0.9999999999568493,0.9999999999568493,39.0,1200000.0,158.0,1105768485.3059263,0.11181951067418881,148.5,365.0,1.0,1,virtual-tumor-0006,39.0,158.0,True,True
burden_adaptive,1000000.0,0.021281999255534128,8279296.412075494,8279296.433357494,483464.65503906284,15.0,8279296.433357494,0.9999999974294917,0.9999999974294917,95.0,1200000.0,156.0,1163734340.8612967,0.18852259189898488,142.5,316.0,0.8657534246575342,3,virtual-tumor-0006,95.0,156.0,True,True
continuous,1000000.0,1.0270426632136638,16625.11397457499,16626.141017238202,16626.141017238202,365.0,1000000.0,0.9999382272373278,0.9999382272373278,104.0,1200000.0,,31723212.30306871,0.23336155223176422,365.0,365.0,1.0,1,virtual-tumor-0007,104.0,365.0,True,False
burden_adaptive,1000000.0,528412.8740469615,187176.47340436882,715589.3474513304,487099.422726227,246.0,1020035.5684664221,0.2615696755003739,0.31757441586869506,,1200000.0,,260373768.74684653,0.3150813632522383,358.0,162.0,0.4438356164383562,8,virtual-tumor-0007,365.0,365.0,False,False
continuous,1000000.0,0.0014519948738895584,845951.4667928345,845951.4682448293,56022.61822535951,84.0,1000000.0,0.9999999982835955,0.9999999982835955,60.0,1200000.0,,100193893.07269546,0.13157363237308226,365.0,365.0,1.0,1,virtual-tumor-0008,60.0,365.0,True,False
burden_adaptive,1000000.0,84.41230556871626,1833471.398059905,1833555.8103654739,479763.56509573944,116.0,1833555.8103654739,0.9999539625109355,0.9999539625109355,175.0,1200000.0,312.0,320093162.5154099,0.31194482782634825,286.5,217.0,0.5945205479452055,5,virtual-tumor-0008,175.0,312.0,True,True
continuous,1000000.0,5.30440127476365e-07,215335.3161304227,215335.31613095314,41633.24456974641,75.0,1000000.0,0.9999999999975366,0.9999999999975366,44.0,1200000.0,,44870836.613034755,0.10350437792524458,365.0,365.0,1.0,1,virtual-tumor-0009,44.0,365.0,True,False
burden_adaptive,1000000.0,47.621540519431676,1182573.4540836217,1182621.0756241411,470418.9102328753,10.0,1182621.0756241411,0.9999597322071279,0.9999597322071279,201.0,1200000.0,,288136839.7951104,0.3488985261480782,320.5,175.0,0.4794520547945205,6,virtual-tumor-0009,201.0,365.0,True,False
continuous,1000000.0,397.24621553532495,52089.259516984785,52486.50573252011,21652.605752006184,231.0,1000000.0,0.9924314600488027,0.9924314600488027,205.0,1200000.0,,49165120.43596863,0.2903345558103211,365.0,365.0,1.0,1,virtual-tumor-0010,205.0,365.0,True,False
burden_adaptive,1000000.0,491283.8991891355,191611.11392185086,682895.0131109864,493072.3129569163,30.0,1031445.8329331693,0.2805864887619403,0.313960704319577,,1200000.0,,261131323.13481003,0.1878010590700805,357.0,231.0,0.6328767123287671,7,virtual-tumor-0010,365.0,365.0,False,False
continuous,1000000.0,0.0047930132277634345,787075.102616521,787075.1074095342,168726.92139063007,76.0,1000000.0,0.9999999939103483,0.9999999939103483,39.0,1200000.0,,140462885.668962,0.1354597298262763,365.0,365.0,1.0,1,virtual-tumor-0011,39.0,365.0,True,False
burden_adaptive,1000000.0,0.8297375138025127,1281442.816569658,1281443.6463071718,489466.1021492954,72.0,1281443.6463071718,0.9999993524978518,0.9999993524978518,123.0,1200000.0,351.0,278939810.0081211,0.2671151545316448,308.5,290.0,0.7945205479452054,3,virtual-tumor-0011,123.0,351.0,True,True
continuous,1000000.0,9.068819114780857e-10,38175.17393437265,38175.17393437356,3008.8350520994636,86.0,1000000.0,0.9999999999999761,0.9999999999999761,65.0,1200000.0,,14341797.944648538,0.08614673362514484,365.0,365.0,1.0,1,virtual-tumor-0012,65.0,365.0,True,False
burden_adaptive,1000000.0,417755.07614025066,377755.7533414066,795510.8294816572,463680.94817107834,8.0,1013216.1287723248,0.4748593474051717,0.48613504659779483,,1200000.0,,257378224.63272297,0.23002085651530635,358.0,69.0,0.18904109589041096,8,virtual-tumor-0012,365.0,365.0,False,False
continuous,1000000.0,0.014001324762132826,638107.5341919207,638107.5481932454,17880.74287765427,110.0,1000000.0,0.9999999780580486,0.9999999780580486,93.0,1200000.0,,62699559.3855716,0.13898907231042426,365.0,365.0,1.0,1,virtual-tumor-0013,93.0,365.0,True,False
burden_adaptive,1000000.0,31121.641504663952,783485.6538896161,814607.2953942801,475955.9564375683,55.0,1024382.0759632601,0.9617955281267144,0.9617955281267144,316.0,1200000.0,,262446649.55976507,0.2895750899363303,358.0,173.0,0.473972602739726,8,virtual-tumor-0013,316.0,365.0,True,False
continuous,1000000.0,5.597566044514109e-07,6821910.710799054,6821910.710799614,132300.56073840492,48.0,6821910.710799614,0.999999999999918,0.999999999999918,34.0,1200000.0,188.0,778123531.6689354,0.09122942630873372,176.5,365.0,1.0,1,virtual-tumor-0014,34.0,188.0,True,True
burden_adaptive,1000000.0,0.0021145391149268245,7017327.154728779,7017327.156843318,470845.0349992027,11.0,7017327.156843318,0.9999999996986689,0.9999999996986689,92.0,1200000.0,179.0,897496174.5703766,0.21814909787952422,162.5,284.0,0.7780821917808219,4,virtual-tumor-0014,92.0,179.0,True,True
continuous,1000000.0,0.000579775613521779,142436.17088230158,142436.17146207718,7537.045460929443,113.0,1000000.0,0.9999999959295761,0.9999999959295761,92.0,1200000.0,,28121918.48145256,0.12710251353509186,365.0,365.0,1.0,1,virtual-tumor-0015,92.0,365.0,True,False
burden_adaptive,1000000.0,15980.993790556011,691361.8234098882,707342.8172004442,481306.1515411186,156.0,1025139.105935335,0.9774070035038932,0.9774070035038932,312.0,1200000.0,,260348313.86607337,0.26395708166621257,357.0,169.0,0.46301369863013697,9,virtual-tumor-0015,312.0,365.0,True,False
continuous,1000000.0,0.3050716315210613,142928.0225414254,142928.32761305693,96158.25903217267,131.0,1000000.0,0.9999978655621553,0.9999978655621553,60.0,1200000.0,,60003657.53296948,0.1885658428515332,365.0,365.0,1.0,1,virtual-tumor-0016,60.0,365.0,True,False
burden_adaptive,1000000.0,7987.6809342090055,548425.1313991575,556412.8123333665,489440.073543148,80.0,1017160.4210070892,0.9856443260163044,0.9856443260163044,209.0,1200000.0,,252946096.08656332,0.5011856533058839,361.0,192.0,0.5260273972602739,5,virtual-tumor-0016,209.0,365.0,True,False
continuous,1000000.0,6.200319926405676e-06,5635262.509136507,5635262.509142708,25420.92234963015,74.0,5635262.509142708,0.9999999999988997,0.9999999999988997,63.0,1200000.0,263.0,394966132.1083706,0.0988844999055165,253.5,365.0,1.0,1,virtual-tumor-0017,63.0,263.0,True,True
burden_adaptive,1000000.0,9.85389265540977,5454015.550327208,5454025.404219863,468920.41799434397,11.0,5454025.404219863,0.999998193280756,0.999998193280756,221.0,1200000.0,265.0,504822696.0271,0.2297453049820068,249.5,209.0,0.5726027397260274,6,virtual-tumor-0017,221.0,265.0,True,True
continuous,1000000.0,1.279579402418014e-07,6309967.17030993,6309967.170310058,87966.14823159938,52.0,6309967.170310058,0.9999999999999798,0.9999999999999798,38.0,1200000.0,207.0,658972568.5309352,0.08879600022796025,195.5,365.0,1.0,1,virtual-tumor-0018,38.0,207.0,True,True
burden_adaptive,1000000.0,0.001487815208957519,6658652.670697507,6658652.672185322,470073.31291355967,52.0,6658652.672185322,0.9999999997765592,0.9999999997765592,133.0,1200000.0,191.0,823265574.3322569,0.20855420617375806,176.5,271.0,0.7424657534246575,4,virtual-tumor-0018,133.0,191.0,True,True
continuous,1000000.0,6.721007155214098e-06,315967.32526014035,315967.32526686136,23105.13538967433,83.0,1000000.0,0.9999999999787288,0.9999999999787288,59.0,1200000.0,,45709804.21309659,0.11045823116580238,365.0,365.0,1.0,1,virtual-tumor-0019,59.0,365.0,True,False
burden_adaptive,1000000.0,5642.823070560913,1032104.9785402961,1037747.801610857,469757.77935744415,49.0,1037747.801610857,0.9945624331250793,0.9945624331250793,260.0,1200000.0,,271309667.3835905,0.3525334441186864,353.5,149.0,0.40821917808219177,8,virtual-tumor-0019,260.0,365.0,True,False
continuous,1000000.0,3.2973245209121776e-06,2773084.619569421,2773084.619572718,27671.666302589732,73.0,2773084.619572718,0.999999999998811,0.999999999998811,58.0,1200000.0,304.0,202657445.4284883,0.10029062526782445,292.5,365.0,1.0,1,virtual-tumor-0020,58.0,304.0,True,True
burden_adaptive,1000000.0,10.596111309363472,3849768.9419855033,3849779.5380968126,467909.032867627,53.0,3849779.5380968126,0.9999972476056864,0.9999972476056864,191.0,1200000.0,273.0,426827421.08489114,0.25608684628923484,253.5,201.0,0.5506849315068493,6,virtual-tumor-0020,191.0,273.0,True,True
continuous,1000000.0,174.5981888204428,1514967.5730686216,1515142.171257442,98543.80390318633,139.0,1515142.171257442,0.9998847644847245,0.9998847644847245,130.0,1200000.0,347.0,152131086.8919134,0.2352667155881505,332.5,365.0,1.0,1,virtual-tumor-0021,130.0,347.0,True,True
burden_adaptive,1000000.0,22792.301925720243,2020325.3810020364,2043117.6829277566,489688.0369306381,30.0,2043117.6829277566,0.9888443518862511,0.9888443518862511,220.0,1200000.0,314.0,321973933.2565638,0.3469340804111348,284.5,266.0,0.7287671232876712,5,virtual-tumor-0021,220.0,314.0,True,True
continuous,1000000.0,6.712136577684507e-08,7690450.41924888,7690450.419248947,224390.91427851596,41.0,7690450.419248947,0.9999999999999912,0.9999999999999912,26.0,1200000.0,150.0,1063934168.9233551,0.08607175175801701,138.5,365.0,1.0,1,virtual-tumor-0022,26.0,150.0,True,True
burden_adaptive,1000000.0,2.1166669017481924e-05,7790075.75080515,7790075.750826317,478180.74807914865,12.0,7790075.750826317,0.9999999999972828,0.9999999999972828,57.0,1200000.0,142.0,1155969346.7057674,0.19015914569379047,127.5,306.0,0.8383561643835616,3,virtual-tumor-0022,57.0,142.0,True,True
continuous,1000000.0,0.025568958189573165,71088.25629237837,71088.28186133655,27039.77551082328,126.0,1000000.0,0.9999996403210556,0.9999996403210556,81.0,1200000.0,,33071479.482840847,0.16778979420938217,365.0,365.0,1.0,1,virtual-tumor-0023,81.0,365.0,True,False
burden_adaptive,1000000.0,529222.9142275638,220215.144933332,749438.0591608958,481139.64251882536,113.0,1020733.6823749411,0.2938403544382236,0.3056258033863648,,1200000.0,,264266629.0292763,0.30692000880093345,358.0,122.0,0.33424657534246577,8,virtual-tumor-0023,365.0,365.0,False,False
continuous,1000000.0,1.1381409817299017,1214695.4834060438,1214696.6215470256,80979.51743025941,105.0,1214696.6215470256,0.9999990630244938,0.9999990630244938,82.0,1200000.0,364.0,132838741.6936649,0.1796080352621482,346.5,365.0,1.0,1,virtual-tumor-0024,82.0,364.0,True,True
burden_adaptive,1000000.0,10935.588877209804,1046693.7000748721,1057629.288952082,488521.6464750504,114.0,1057629.288952082,0.9896602817344015,0.9896602817344015,274.0,1200000.0,,268890549.239303,0.37861887017310975,354.5,219.0,0.6,6,virtual-tumor-0024,274.0,365.0,True,False
continuous,1000000.0,4.3555779797974376e-07,669899.7764239743,669899.7764244098,22512.748023922708,74.0,1000000.0,0.9999999999993499,0.9999999999993499,54.0,1200000.0,,68178959.4252033,0.09860184210917712,365.0,365.0,1.0,1,virtual-tumor-0025,54.0,365.0,True,False
burden_adaptive,1000000.0,404.77087349393736,1044225.5235235973,1044630.2943970913,465186.11502167705,40.0,1044630.2943970913,0.9996125223673246,0.9996125223673246,246.0,1200000.0,,262868746.87481576,0.30149077042517647,352.5,179.0,0.4904109589041096,9,virtual-tumor-0025,246.0,365.0,True,False
continuous,1000000.0,0.9809834273211957,11286.581982037014,11287.562965464336,8364.046893456332,202.0,1000000.0,0.9999130916540334,0.9999130916540334,131.0,1200000.0,,28452642.306719635,0.22300038902329972,365.0,365.0,1.0,1,virtual-tumor-0026,131.0,365.0,True,False
burden_adaptive,1000000.0,535936.3597588583,151544.5715644046,687480.931323263,482724.744936479,233.0,1016951.7077806942,0.22043458176027034,0.24159535573675014,,1200000.0,,259508827.91185677,0.20930068611468367,359.0,138.0,0.3780821917808219,7,virtual-tumor-0026,365.0,365.0,False,False
continuous,1000000.0,1.8047416704167515e-05,3226084.892033068,3226084.8920511156,14502.664134463634,85.0,3226084.8920511156,0.9999999999944057,0.9999999999944057,73.0,1200000.0,306.0,197826077.72044554,0.10239650738813276,296.5,365.0,1.0,1,virtual-tumor-0027,73.0,306.0,True,True
burden_adaptive,1000000.0,36.94343718570936,3737050.570725732,3737087.5141629176,471982.2654415449,122.0,3737087.5141629176,0.9999901143772937,0.9999901143772937,238.0,1200000.0,295.0,381008710.88904005,0.20905804125209881,278.5,209.0,0.5726027397260274,7,virtual-tumor-0027,238.0,295.0,True,True
continuous,1000000.0,10.052339677568607,87369.76205884365,87379.81439852122,13853.015364273437,176.0,1000000.0,0.9998849581022029,0.9998849581022029,153.0,1200000.0,,38059588.80439677,0.2102406560236534,365.0,365.0,1.0,1,virtual-tumor-0028,153.0,365.0,True,False
burden_adaptive,1000000.0,290072.1816908883,234539.62550581494,524611.8071967033,486497.3320243119,112.0,1023203.4041972857,0.44707271603186444,0.44707271603186444,,1200000.0,,262380295.0445987,0.20037741501196044,358.0,190.0,0.5205479452054794,8,virtual-tumor-0028,365.0,365.0,False,False
continuous,1000000.0,23.43949441851891,404462.00335189473,404485.44284631324,22653.70103972802,163.0,1000000.0,0.9999420510803713,0.9999420510803713,152.0,1200000.0,,58003528.72760174,0.1966693844807256,365.0,365.0,1.0,1,virtual-tumor-0029,152.0,365.0,True,False
burden_adaptive,1000000.0,106376.07245555102,700099.9439046524,806476.0163602034,491166.4593764465,82.0,1019818.5152946017,0.8680976615576881,0.8680976615576881,324.0,1200000.0,,266638789.34729695,0.26323363801187094,360.0,191.0,0.5232876712328767,6,virtual-tumor-0029,324.0,365.0,True,False
continuous,1000000.0,37.371570942576064,19354.90932207719,19392.280893019768,12264.034585377203,227.0,1000000.0,0.9980728635714002,0.9980728635714002,170.0,1200000.0,,37548991.45962775,0.277364320464959,365.0,365.0,1.0,1,virtual-tumor-0030,170.0,365.0,True,False
burden_adaptive,1000000.0,571619.6891156806,62505.2847794567,634124.9738951373,486168.20187224547,72.0,1029995.4585449982,0.09856934729366604,0.11366611971514547,,1200000.0,,261860435.0872162,0.1297779353480366,358.0,198.0,0.5424657534246575,8,virtual-tumor-0030,365.0,365.0,False,False
continuous,1000000.0,5.913371559197604e-08,369914.27713770524,369914.2771377644,8226.689593484864,81.0,1000000.0,0.9999999999998401,0.9999999999998401,63.0,1200000.0,,38619704.77444871,0.09215471484692951,365.0,365.0,1.0,1,virtual-tumor-0031,63.0,365.0,True,False
burden_adaptive,1000000.0,123.20180613329316,1403298.6490216851,1403421.8508278185,466565.97675823106,9.0,1403421.8508278185,0.9999122132763854,0.9999122132763854,271.0,1200000.0,351.0,279257433.0547022,0.24584622236658524,328.5,166.0,0.4547945205479452,8,virtual-tumor-0031,271.0,351.0,True,True
continuous,1000000.0,0.16965899808856627,804363.0656386772,804363.2352976754,39566.58478818166,109.0,1000000.0,0.9999997890766377,0.9999997890766377,89.0,1200000.0,,86902672.99099809,0.1605502345387235,365.0,365.0,1.0,1,virtual-tumor-0032,89.0,365.0,True,False
burden_adaptive,1000000.0,688.4882450515599,1562774.0205789278,1563462.5088239794,483345.98856312013,98.0,1563462.5088239794,0.9995596387881603,0.9995596387881603,229.0,1200000.0,339.0,284688553.2677283,0.2736415028928076,316.5,245.0,0.6712328767123288,6,virtual-tumor-0032,229.0,339.0,True,True
continuous,1000000.0,0.00025232547867554416,3511.9669385417933,3511.967190867272,2555.488343276018,158.0,1000000.0,0.9999999281526663,0.9999999281526663,101.0,1200000.0,,17119186.081032343,0.14442191857946465,365.0,365.0,1.0,1,virtual-tumor-0033,101.0,365.0,True,False
burden_adaptive,1000000.0,723175.7570545952,68971.70708431557,792147.4641389108,472153.86044898693,301.0,1022381.4361565209,0.08706927713173959,0.10795789887800061,,1200000.0,,260253596.38067818,0.11177784527158618,357.0,110.0,0.3013698630136986,9,virtual-tumor-0033,365.0,365.0,False,False
continuous,1000000.0,1.6849676954485782e-10,251056.27590928655,251056.27590928672,21022.676833211244,64.0,1000000.0,0.9999999999999993,0.9999999999999993,42.0,1200000.0,,38158334.619544156,0.08163768105692382,365.0,365.0,1.0,1,virtual-tumor-0034,42.0,365.0,True,False
burden_adaptive,1000000.0,577609.661084798,238532.84280887945,816142.5038936775,453933.68409962574,8.0,1015332.9919288439,0.2922686193537032,0.32896412028848454,,1200000.0,,258472640.10129768,0.30323833962729146,358.0,62.0,0.16986301369863013,8,virtual-tumor-0034,365.0,365.0,False,False
continuous,1000000.0,1.7789717143481042e-06,43885.00339858117,43885.00340036014,43885.00340036014,365.0,1000000.0,0.9999999999594629,0.9999999999594629,34.0,1200000.0,,33868071.19009032,0.11027970007084752,365.0,365.0,1.0,1,virtual-tumor-0035,34.0,365.0,True,False
burden_adaptive,1000000.0,83011.36769030886,854432.4466585735,937443.8143488823,476714.641587143,11.0,1021067.2059360523,0.911449234162406,0.9451324823907024,218.0,1200000.0,,259601992.41506013,0.5096296698129648,358.0,125.0,0.3424657534246575,8,virtual-tumor-0035,218.0,365.0,True,False
continuous,1000000.0,7.720530222484897,835633.4404539166,835641.1609841391,169605.95305363595,106.0,1000000.0,0.9999907609502943,0.9999907609502943,68.0,1200000.0,,141055279.37105677,0.21014998741492802,365.0,365.0,1.0,1,virtual-tumor-0036,68.0,365.0,True,False
burden_adaptive,1000000.0,5671.856059752674,1162580.4189845286,1168252.2750442813,489731.98610572715,73.0,1168252.2750442813,0.9951450074774837,0.9951450074774837,181.0,1200000.0,,283837984.0194999,0.45316501337233883,333.5,261.0,0.7150684931506849,5,virtual-tumor-0036,181.0,365.0,True,False
continuous,1000000.0,8.717221811901549e-06,3411.129511355615,3411.1295200728364,3411.1295200728364,365.0,1000000.0,0.9999999974444765,0.9999999974444765,78.0,1200000.0,,15383616.81058091,0.1294921115101469,365.0,365.0,1.0,1,virtual-tumor-0037,78.0,365.0,True,False
burden_adaptive,1000000.0,434105.6185351778,42954.932483243305,477060.5510184211,468333.70699501946,264.0,1029381.6035641748,0.09004083945223267,0.09004083945223267,,1200000.0,,261975000.26474366,0.11310247658476587,354.0,126.0,0.3452054794520548,12,virtual-tumor-0037,365.0,365.0,False,False
continuous,1000000.0,0.9135635980603521,21482.976037473283,21483.889601071343,5784.301377179759,180.0,1000000.0,0.9999574768063407,0.9999574768063407,147.0,1200000.0,,28018770.58356012,0.1950180394119491,365.0,365.0,1.0,1,virtual-tumor-0038,147.0,365.0,True,False
burden_adaptive,1000000.0,433097.92605208675,65086.76251870538,498184.68857079215,484242.61452499323,263.0,1020646.7483714196,0.13064785813756807,0.13064785813756807,,1200000.0,,263399788.4919682,0.09861982486991298,358.0,149.0,0.40821917808219177,8,virtual-tumor-0038,365.0,365.0,False,False
continuous,1000000.0,8.09233132639775e-06,1881.4896366025096,1881.489644694841,1881.489644694841,365.0,1000000.0,0.9999999956989764,0.9999999956989764,85.0,1200000.0,,14901101.7973214,0.13021640038265744,365.0,365.0,1.0,1,virtual-tumor-0039,85.0,365.0,True,False
burden_adaptive,1000000.0,541272.0504079629,53384.96249187715,594657.01289984,468860.5264712848,227.0,1018195.8405326165,0.0897743763779827,0.0897743763779827,,1200000.0,,263199228.12986892,0.1089511402710002,357.0,91.0,0.2493150684931507,9,virtual-tumor-0039,365.0,365.0,False,False
continuous,1000000.0,10.069305706645785,5744.77197179137,5754.841277498015,3880.288125061617,243.0,1000000.0,0.998250289587305,0.998250289587305,187.0,1200000.0,,31644480.538132746,0.2515545659635243,365.0,365.0,1.0,1,virtual-tumor-0040,187.0,365.0,True,False
burden_adaptive,1000000.0,565081.928114665,23040.068515861243,588121.9966305263,485040.7587600525,70.0,1020187.7570690041,0.03917566193385489,0.03917566193385489,,1200000.0,,263661888.50637358,0.056132475738877224,358.0,170.0,0.4657534246575342,8,virtual-tumor-0040,365.0,365.0,False,False
continuous,1000000.0,0.08719050989523926,1422.1011326301734,1422.1883231400686,1422.1883231400686,365.0,1000000.0,0.9999386927114527,0.9999386927114527,146.0,1200000.0,,22146228.904137023,0.20334844713469657,365.0,365.0,1.0,1,virtual-tumor-0041,146.0,365.0,True,False
burden_adaptive,1000000.0,946439.0136192292,11647.555049520337,958086.5686687495,479479.22136713954,51.0,1035192.2142004427,0.01215710086167316,0.019157544244990724,,1200000.0,,263828518.68036473,0.04006882823826099,355.0,159.0,0.43561643835616437,11,virtual-tumor-0041,365.0,365.0,False,False
continuous,1000000.0,6.818924850064728e-09,614941.9050038615,614941.9050038684,5289.55037443467,79.0,1000000.0,0.9999999999999888,0.9999999999999888,64.0,1200000.0,,47437586.1524058,0.08433630437742,365.0,365.0,1.0,1,virtual-tumor-0042,64.0,365.0,True,False
burden_adaptive,1000000.0,102021.93275904191,744511.8616919745,846533.7944510164,466771.2947129933,190.0,1022027.3205565322,0.8794827407626368,0.8794827407626368,311.0,1200000.0,,265250184.3961596,0.26792183950948845,356.0,100.0,0.273972602739726,10,virtual-tumor-0042,311.0,365.0,True,False
continuous,1000000.0,0.19406301210043558,1489390.0164245244,1489390.2104875364,208647.86914472768,78.0,1489390.2104875364,0.9999998697030431,0.9999998697030431,46.0,1200000.0,332.0,214531798.7029132,0.15833064550364515,305.5,365.0,1.0,1,virtual-tumor-0043,46.0,332.0,True,True
burden_adaptive,1000000.0,13.862408068978894,1836161.828413221,1836175.69082129,491882.911820309,77.0,1836175.69082129,0.9999924503912462,0.9999924503912462,129.0,1200000.0,298.0,320985227.0799483,0.2873466641852968,269.5,298.0,0.8164383561643835,3,virtual-tumor-0043,129.0,298.0,True,True
continuous,1000000.0,4.428486438540491e-06,28922.765956634255,28922.76596106274,15497.124803313716,105.0,1000000.0,0.9999999998468858,0.9999999998468858,60.0,1200000.0,,20524100.82477632,0.11883403887195819,365.0,365.0,1.0,1,virtual-tumor-0044,60.0,365.0,True,False
burden_adaptive,1000000.0,365905.86897592514,145975.6266019736,511881.49557789875,469544.6561672275,152.0,1015686.0033385186,0.2851746505061128,0.29457104093689934,,1200000.0,,259681409.69241837,0.2534622641205783,358.0,88.0,0.2410958904109589,8,virtual-tumor-0044,365.0,365.0,False,False
continuous,1000000.0,0.028287832565100993,1804.7968544322748,1804.82514226484,1804.82514226484,365.0,1000000.0,0.99998432655225,0.99998432655225,102.0,1200000.0,,22410637.711425707,0.20889685448751358,365.0,365.0,1.0,1,virtual-tumor-0045,102.0,365.0,True,False
burden_adaptive,1000000.0,554071.3555263586,38296.0628079832,592367.4183343418,478549.32025835745,307.0,1016946.7700464848,0.06464917148155552,0.07223868410124838,,1200000.0,,261047085.02619356,0.14760295714767752,358.0,121.0,0.3315068493150685,8,virtual-tumor-0045,365.0,365.0,False,False
continuous,1000000.0,13.241230379264538,16194.431498231366,16207.67272861063,11957.135753218488,223.0,1000000.0,0.9991830270390462,0.9991830270390462,152.0,1200000.0,,34789158.829782486,0.26642364706162736,365.0,365.0,1.0,1,virtual-tumor-0046,152.0,365.0,True,False
burden_adaptive,1000000.0,430310.8901995959,109454.73804345205,539765.628243048,486527.89782438485,117.0,1022902.652722778,0.20278197113019264,0.20278197113019264,,1200000.0,,263674531.10113543,0.19031713620079682,358.0,185.0,0.5068493150684932,8,virtual-tumor-0046,365.0,365.0,False,False
continuous,1000000.0,2.9417451655240923e-06,334983.5962513161,334983.59625425783,5863.122198380919,94.0,1000000.0,0.9999999999912182,0.9999999999912182,77.0,1200000.0,,35055055.11009394,0.10175457122110901,365.0,365.0,1.0,1,virtual-tumor-0047,77.0,365.0,True,False
burden_adaptive,1000000.0,12099.038644340553,688565.3722941179,700664.4109384585,469045.71999506815,208.0,1029475.0422188203,0.9827320491016015,0.9827320491016015,320.0,1200000.0,,256787786.14778933,0.24161506417052284,356.0,152.0,0.41643835616438357,10,virtual-tumor-0047,320.0,365.0,True,False
continuous,1000000.0,0.00013257508378720277,56093.02239616088,56093.022528735964,39095.01294946948,111.0,1000000.0,0.9999999976365138,0.9999999976365138,53.0,1200000.0,,30928551.56356272,0.13361232534429013,365.0,365.0,1.0,1,virtual-tumor-0048,53.0,365.0,True,False
burden_adaptive,1000000.0,612664.9105515546,365005.6851700029,977670.5957215575,475943.4768781886,121.0,1023618.1593624457,0.3733421939529797,0.5325863998548622,329.0,1200000.0,,260759371.63036644,0.43678941140757277,356.0,125.0,0.3424657534246575,10,virtual-tumor-0048,329.0,365.0,True,False
continuous,1000000.0,125.10112290534892,16565.78985813903,16690.890981044377,16129.401793119185,298.0,1000000.0,0.9925048265519544,0.9925048265519544,172.0,1200000.0,,43160482.25430859,0.3418626953201142,365.0,365.0,1.0,1,virtual-tumor-0049,172.0,365.0,True,False
burden_adaptive,1000000.0,682962.5843662383,105169.66042015668,788132.244786395,490795.22862830386,77.0,1029022.1487557823,0.13344164144516188,0.1557517076827499,,1200000.0,,264938446.60131556,0.21199064036933762,357.0,209.0,0.5726027397260274,8,virtual-tumor-0049,365.0,365.0,False,False
continuous,1000000.0,0.000856660164560218,82836.49698708758,82836.49784374774,18275.341175412806,109.0,1000000.0,0.9999999896584213,0.9999999896584213,75.0,1200000.0,,28668461.14906907,0.1396392474250217,365.0,365.0,1.0,1,virtual-tumor-0050,75.0,365.0,True,False
burden_adaptive,1000000.0,54336.79972686184,521214.4249729157,575551.2246997776,477908.0258967448,180.0,1032243.2102612202,0.9055917225174781,0.9055917225174781,296.0,1200000.0,,260720282.31545538,0.3596051855190959,356.0,170.0,0.4657534246575342,10,virtual-tumor-0050,296.0,365.0,True,False
continuous,1000000.0,1.5249366639285912e-07,2367274.266400203,2367274.2664003554,23131.581203153764,69.0,2367274.2664003554,0.9999999999999357,0.9999999999999357,54.0,1200000.0,317.0,170160507.8480511,0.09285291552458932,304.5,365.0,1.0,1,virtual-tumor-0051,54.0,317.0,True,True
burden_adaptive,1000000.0,114.85307921607097,2379273.1505604973,2379388.0036397134,466778.03586912435,97.0,2379388.0036397134,0.9999517299914766,0.9999517299914766,232.0,1200000.0,316.0,322103875.08927464,0.2871548346172624,294.5,186.0,0.5095890410958904,9,virtual-tumor-0051,232.0,316.0,True,True
continuous,1000000.0,1.3034206634073338,1102823.392013104,1102824.6954337673,72109.07851582066,109.0,1102824.6954337673,0.9999988181071128,0.9999988181071128,87.0,1200000.0,,121153768.59231241,0.18103876129418525,355.5,365.0,1.0,1,virtual-tumor-0052,87.0,365.0,True,False
burden_adaptive,1000000.0,7156.863192218707,1057915.5818104008,1065072.4450026196,486629.478268502,159.0,1065072.4450026196,0.9932803977552895,0.9932803977552895,265.0,1200000.0,,265130926.4910881,0.35050980492661304,353.5,231.0,0.6328767123287671,6,virtual-tumor-0052,265.0,365.0,True,False
continuous,1000000.0,0.1556955548515291,39631.246987534694,39631.402683089545,9127.749738112798,152.0,1000000.0,0.9999960714094301,0.9999960714094301,119.0,1200000.0,,27244953.96254653,0.17765209302731794,365.0,365.0,1.0,1,virtual-tumor-0053,119.0,365.0,True,False
burden_adaptive,1000000.0,570887.871777277,151516.93576114104,722404.807538418,485041.68148465676,234.0,1029027.9537871005,0.2097396559104201,0.2546211680873476,,1200000.0,,262194824.9242001,0.17672473665945768,356.0,168.0,0.4602739726027397,10,virtual-tumor-0053,365.0,365.0,False,False
continuous,1000000.0,8.91167020621768e-05,77439.99899898039,77439.99908809709,19091.92784712024,101.0,1000000.0,0.9999999988492162,0.9999999988492162,67.0,1200000.0,,27361638.079304278,0.12812252481040165,365.0,365.0,1.0,1,virtual-tumor-0054,67.0,365.0,True,False
burden_adaptive,1000000.0,17327.086728139097,692125.7609939771,709452.8477221162,479588.5214055168,92.0,1018982.4394629963,0.9755768310976942,0.9755768310976942,272.0,1200000.0,,263879580.99532768,0.3731290780556079,358.0,145.0,0.3972602739726027,8,virtual-tumor-0054,272.0,365.0,True,False
continuous,1000000.0,1.7879297195645093e-09,60677.43429923632,60677.43429923811,10138.947303184705,78.0,1000000.0,0.9999999999999705,0.9999999999999705,52.0,1200000.0,,19087647.751561057,0.08947003173431889,365.0,365.0,1.0,1,virtual-tumor-0055,52.0,365.0,True,False
burden_adaptive,1000000.0,64063.58923202424,453264.64641453006,517328.23564655427,468228.8482958514,196.0,1017552.9331322676,0.876164522216813,0.876164522216813,346.0,1200000.0,,259755981.09657338,0.32596736103030577,358.0,86.0,0.2356164383561644,8,virtual-tumor-0055,346.0,365.0,True,False
continuous,1000000.0,1.507694177655187,8008.346927176056,8009.854621353711,6285.558411845352,218.0,1000000.0,0.9998117700945988,0.9998117700945988,143.0,1200000.0,,28561441.49445453,0.23125369737683157,365.0,365.0,1.0,1,virtual-tumor-0056,143.0,365.0,True,False
burden_adaptive,1000000.0,523935.47484628105,52125.45615689969,576060.9310031808,483457.20651580987,242.0,1016078.5323793737,0.09048601172470741,0.09692300769881577,,1200000.0,,261193482.2635269,0.11801582729491505,359.0,136.0,0.3726027397260274,7,virtual-tumor-0056,365.0,365.0,False,False
continuous,1000000.0,0.1493789369533248,906328.5226637068,906328.6720426438,110949.3146962139,92.0,1000000.0,0.9999998351823775,0.9999998351823775,61.0,1200000.0,,127140686.30564983,0.1652472280453608,365.0,365.0,1.0,1,virtual-tumor-0057,61.0,365.0,True,False
burden_adaptive,1000000.0,1912.374831732443,1189752.0307162981,1191664.4055480305,481758.0862331381,18.0,1191664.4055480305,0.9983952068864113,0.9983952068864113,198.0,1200000.0,,278501998.4276314,0.411208625542498,336.5,237.0,0.6493150684931507,6,virtual-tumor-0057,198.0,365.0,True,False
continuous,1000000.0,4.265789610032333e-08,312261.7522957384,312261.75229578104,27834.465412085305,70.0,1000000.0,0.9999999999998633,0.9999999999998633,46.0,1200000.0,,46796703.179795,0.09460081815702094,365.0,365.0,1.0,1,virtual-tumor-0058,46.0,365.0,True,False
burden_adaptive,1000000.0,572.4908471083306,740291.332169108,740863.8230162163,468570.83288598584,9.0,1029129.8323778069,0.9992272657547543,0.9992272657547543,253.0,1200000.0,,254562626.79859212,0.34376635285549006,357.0,162.0,0.4438356164383562,9,virtual-tumor-0058,253.0,365.0,True,False
continuous,1000000.0,0.0004757312943275935,4044833.7174941655,4044833.7179698967,139672.57555532936,62.0,4044833.7179698967,0.9999999998823855,0.9999999998823855,44.0,1200000.0,236.0,426911894.08691496,0.11962316101556211,220.5,365.0,1.0,1,virtual-tumor-0059,44.0,236.0,True,True
burden_adaptive,1000000.0,0.2134225930629084,4630370.073674245,4630370.287096838,483188.92400724563,14.0,4630370.287096838,0.9999999539080938,0.9999999539080938,131.0,1200000.0,211.0,594095585.7488742,0.24030246050917456,192.5,291.0,0.7972602739726027,4,virtual-tumor-0059,131.0,211.0,True,True
continuous,1000000.0,0.9732645549175694,672708.7566576867,672709.7299222415,24865.890481130926,129.0,1000000.0,0.9999985532176635,0.9999985532176635,113.0,1200000.0,,69710418.64487779,0.16862265101885496,365.0,365.0,1.0,1,virtual-tumor-0060,113.0,365.0,True,False
burden_adaptive,1000000.0,55705.24341231774,610024.5149658611,665729.7583781788,484440.01337210473,100.0,1028406.7161466153,0.9163245405342487,0.9163245405342487,321.0,1200000.0,,259303204.92323476,0.2765214177685124,358.0,207.0,0.5671232876712329,8,virtual-tumor-0060,321.0,365.0,True,False
continuous,1000000.0,0.048351657375814434,320126.25520046137,320126.30355211877,75242.57969148796,101.0,1000000.0,0.9999998489606856,0.9999998489606856,63.0,1200000.0,,68255851.24048546,0.16278045644317696,365.0,365.0,1.0,1,virtual-tumor-0061,63.0,365.0,True,False
burden_adaptive,1000000.0,10827.037281118906,909626.4951801697,920453.5324612886,484819.8184838073,141.0,1032486.0568015672,0.9882372798850938,0.9882372798850938,231.0,1200000.0,,271037785.28046286,0.4472486141099427,358.0,207.0,0.5671232876712329,7,virtual-tumor-0061,231.0,365.0,True,False
continuous,1000000.0,4.1684817215665897e-07,4095.259954320398,4095.259954737246,4095.259954737246,365.0,1000000.0,0.999999999898212,0.999999999898212,68.0,1200000.0,,14198126.762056813,0.11508007441116261,365.0,365.0,1.0,1,virtual-tumor-0062,68.0,365.0,True,False
burden_adaptive,1000000.0,820692.7411356848,45270.545967527694,865963.2871032124,465710.7744470485,221.0,1020325.5630734283,0.05227767347847391,0.07557199165644203,,1200000.0,,261183064.76482806,0.11643966190777855,355.0,97.0,0.26575342465753427,11,virtual-tumor-0062,365.0,365.0,False,False
continuous,1000000.0,1107.1138226837136,1568190.2565116547,1569297.3703343384,112113.01432697047,159.0,1569297.3703343384,0.9992945162315235,0.9992945162315235,159.0,1200000.0,347.0,154124342.8500928,0.25944075511222575,333.5,365.0,1.0,1,virtual-tumor-0063,159.0,347.0,True,True
burden_adaptive,1000000.0,81434.27202217624,1400350.9444738869,1481785.2164960632,491179.4905467967,37.0,1481785.2164960632,0.9450431337041264,0.9450431337041264,287.0,1200000.0,347.0,291747619.2183157,0.339103485822238,320.5,276.0,0.7561643835616438,5,virtual-tumor-0063,287.0,347.0,True,True
continuous,1000000.0,0.15541511997523283,285451.71504596143,285451.8704610814,40714.818095182425,115.0,1000000.0,0.9999994555470255,0.9999994555470255,85.0,1200000.0,,54602404.16041985,0.17142895097710922,365.0,365.0,1.0,1,virtual-tumor-0064,85.0,365.0,True,False
burden_adaptive,1000000.0,2677.903053662786,1074713.7718255438,1077391.6748792066,481004.4660244815,53.0,1077391.6748792066,0.9975144572618282,0.9975144572618282,219.0,1200000.0,,276130318.70309937,0.3463670179031691,346.5,233.0,0.6383561643835617,7,virtual-tumor-0064,219.0,365.0,True,False
continuous,1000000.0,8.699414627748325e-10,127826.78622805866,127826.78622805953,6793.4846642839875,77.0,1000000.0,0.9999999999999931,0.9999999999999931,56.0,1200000.0,,22292885.06134279,0.08488845789037469,365.0,365.0,1.0,1,virtual-tumor-0065,56.0,365.0,True,False
burden_adaptive,1000000.0,529855.7174456961,141999.02753180906,671854.7449775052,463676.42313623265,8.0,1018365.4644547458,0.21135376149879453,0.24133008831419428,,1200000.0,,257494948.42399287,0.1778782482559136,357.0,74.0,0.20273972602739726,9,virtual-tumor-0065,365.0,365.0,False,False
continuous,1000000.0,0.00037320570272492896,58520.65757804628,58520.65795125198,9536.792359242561,114.0,1000000.0,0.9999999936226673,0.9999999936226673,84.0,1200000.0,,23595641.341495067,0.1331744358970922,365.0,365.0,1.0,1,virtual-tumor-0066,84.0,365.0,True,False
burden_adaptive,1000000.0,527159.0491500988,206810.30016411722,733969.3493142161,481415.23381468054,230.0,1021153.0708166822,0.28176966838921863,0.28176966838921863,,1200000.0,,263550523.94443172,0.2180547186915626,357.0,108.0,0.2958904109589041,9,virtual-tumor-0066,365.0,365.0,False,False
continuous,1000000.0,3671.3692504247597,422939.8148201992,426611.184070624,215956.51667622908,179.0,1000000.0,0.9913941092322207,0.9913941092322207,130.0,1200000.0,,126422098.37890458,0.39227109292437706,365.0,365.0,1.0,1,virtual-tumor-0067,130.0,365.0,True,False
burden_adaptive,1000000.0,98467.80356475337,498993.45573299244,597461.2592977458,497987.50857171544,125.0,1030787.37332299,0.8351896427887356,0.8351896427887356,288.0,1200000.0,,256156110.81117827,0.5227825384001425,360.0,294.0,0.8054794520547945,4,virtual-tumor-0067,288.0,365.0,True,False
continuous,1000000.0,1.4528613565772901e-06,22621.268404427,22621.26840587986,9715.77381352848,104.0,1000000.0,0.9999999999357746,0.9999999999357746,65.0,1200000.0,,17840261.401930142,0.11389946930210941,365.0,365.0,1.0,1,virtual-tumor-0068,65.0,365.0,True,False
burden_adaptive,1000000.0,281576.66081769357,713560.1055778979,995136.7663955914,469915.9639191255,10.0,1016412.8647520926,0.7170472739766507,0.7553739972734103,312.0,1200000.0,,260873309.35162464,0.35466236928977163,357.0,99.0,0.27123287671232876,9,virtual-tumor-0068,312.0,365.0,True,False
continuous,1000000.0,0.0003764982799464894,583957.9114919389,583957.9118684372,99678.22874675793,76.0,1000000.0,0.9999999993552646,0.9999999993552646,44.0,1200000.0,,98979767.9256734,0.12533023097952808,365.0,365.0,1.0,1,virtual-tumor-0069,44.0,365.0,True,False
burden_adaptive,1000000.0,3.177022971651914,1513708.3309773444,1513711.508000316,482534.1694511468,91.0,1513711.508000316,0.9999979011701009,0.9999979011701009,131.0,1200000.0,310.0,324234698.6789029,0.3050736451898953,267.5,263.0,0.7205479452054795,5,virtual-tumor-0069,131.0,310.0,True,True
continuous,1000000.0,0.012662300535338617,9598.520420931562,9598.533083232096,9598.533083232096,365.0,1000000.0,0.9999986808087835,0.9999986808087835,69.0,1200000.0,,26303493.51911684,0.1835114155763575,365.0,365.0,1.0,1,virtual-tumor-0070,69.0,365.0,True,False
burden_adaptive,1000000.0,875670.8989125988,103863.82545926225,979534.7243718611,478602.5422021048,195.0,1032300.4363842516,0.10603383716270624,0.17937124902701174,,1200000.0,,261286477.31914738,0.30140692035966105,356.0,152.0,0.41643835616438357,10,virtual-tumor-0070,365.0,365.0,False,False
continuous,1000000.0,9.678860222296226e-07,8220217.478713923,8220217.478714891,78579.68940835987,56.0,8220217.478714891,0.9999999999998823,0.9999999999998823,44.0,1200000.0,198.0,851612657.2355878,0.0948422501256161,187.5,365.0,1.0,1,virtual-tumor-0071,44.0,198.0,True,True
burden_adaptive,1000000.0,0.007522010643827951,8158177.770895281,8158177.778417291,469800.5504170618,11.0,8158177.778417291,0.9999999990779791,0.9999999990779791,142.0,1200000.0,200.0,909970290.4924338,0.19770605934100258,186.5,270.0,0.7397260273972602,4,virtual-tumor-0071,142.0,200.0,True,True
continuous,1000000.0,1.2916262932257834,16842.459273920773,16843.750900214,13997.042907736984,203.0,1000000.0,0.9999233171814949,0.9999233171814949,118.0,1200000.0,,30421118.207977857,0.2300479197861385,365.0,365.0,1.0,1,virtual-tumor-0072,118.0,365.0,True,False
burden_adaptive,1000000.0,852984.3993842732,93544.45683245796,946528.8562167311,488390.03178415884,299.0,1029330.8833467993,0.09882895404410011,0.14694956344180227,,1200000.0,,263524054.89235178,0.1945355547181868,356.0,174.0,0.4767123287671233,10,virtual-tumor-0072,365.0,365.0,False,False
continuous,1000000.0,0.0012850427306436668,9194275.959787617,9194275.96107266,270766.58099230786,52.0,9194275.96107266,0.9999999998602345,0.9999999998602345,43.0,1200000.0,138.0,1409252992.9484742,0.12322227225823504,129.5,365.0,1.0,1,virtual-tumor-0073,43.0,138.0,True,True
burden_adaptive,1000000.0,0.055883487838638383,9166856.686932424,9166856.742815912,495223.9088937694,69.0,9166856.742815912,0.9999999939037459,0.9999999939037459,69.0,1200000.0,139.0,1416306710.6306653,0.2096370309993628,123.5,316.0,0.8657534246575342,3,virtual-tumor-0073,69.0,139.0,True,True
continuous,1000000.0,1.3601351275579079,7135625.391652079,7135626.751787207,243541.931070005,72.0,7135626.751787207,0.9999998093881344,0.9999998093881344,63.0,1200000.0,183.0,862780308.271428,0.16478898727950111,171.5,365.0,1.0,1,virtual-tumor-0074,63.0,183.0,True,True
burden_adaptive,1000000.0,25.84772757975882,7187430.345686697,7187456.193414277,491214.52697698143,24.0,7187456.193414277,0.9999964037725052,0.9999964037725052,120.0,1200000.0,176.0,937223743.2242649,0.24309686105717818,160.5,316.0,0.8657534246575342,3,virtual-tumor-0074,120.0,176.0,True,True
continuous,1000000.0,2.0727028539879803e-05,207502.117594274,207502.117615001,7825.403468830863,99.0,1000000.0,0.9999999999001118,0.9999999999001118,79.0,1200000.0,,30539991.42584443,0.11175886237918817,365.0,365.0,1.0,1,virtual-tumor-0075,79.0,365.0,True,False
burden_adaptive,1000000.0,124430.3391063793,534012.4548820939,658442.7939884732,469122.94617655315,11.0,1019613.7102630377,0.8110233109961599,0.8110233109961599,347.0,1200000.0,,262059784.24822792,0.2757715273607656,357.0,119.0,0.32602739726027397,9,virtual-tumor-0075,347.0,365.0,True,False
continuous,1000000.0,2.3532316448458954e-07,89735.34219395503,89735.34219419035,4597.862349435434,93.0,1000000.0,0.9999999999973777,0.9999999999973777,73.0,1200000.0,,20134858.601194628,0.09865737288868417,365.0,365.0,1.0,1,virtual-tumor-0076,73.0,365.0,True,False
burden_adaptive,1000000.0,774056.6700802406,108117.55179991187,882174.2218801525,470134.33314386406,277.0,1017287.6231282805,0.12255804932667841,0.13675161904996658,,1200000.0,,262605793.22454405,0.13160327786427403,357.0,76.0,0.20821917808219179,9,virtual-tumor-0076,365.0,365.0,False,False
continuous,1000000.0,0.100237943492924,250537.08332276478,250537.18356070828,14544.713613210253,129.0,1000000.0,0.9999995999079175,0.9999995999079175,108.0,1200000.0,,41283629.25993835,0.156729143623266,365.0,365.0,1.0,1,virtual-tumor-0077,108.0,365.0,True,False
burden_adaptive,1000000.0,10553.301130530324,842151.9772272354,852705.2783577658,485593.5320257012,16.0,1017348.4091136943,0.9876237412874294,0.9876237412874294,289.0,1200000.0,,259112836.6388837,0.2694874939413528,360.0,178.0,0.4876712328767123,6,virtual-tumor-0077,289.0,365.0,True,False
continuous,1000000.0,67.12077849356521,215243.0601889746,215310.18096746816,84200.68996849754,158.0,1000000.0,0.9996882600804479,0.9996882600804479,110.0,1200000.0,,69970513.45569485,0.27050373702858943,365.0,365.0,1.0,1,virtual-tumor-0078,110.0,365.0,True,False
burden_adaptive,1000000.0,27920.923679718944,667203.6902017664,695124.6138814854,495356.2046407666,27.0,1018875.1466971696,0.959833211021241,0.959833211021241,268.0,1200000.0,,260783470.1366166,0.4445051640604747,361.0,237.0,0.6493150684931507,5,virtual-tumor-0078,268.0,365.0,True,False
continuous,1000000.0,4.2012087881635864e-06,1064272.7848986215,1064272.7849028227,36215.56091971086,73.0,1064272.7849028227,0.9999999999960525,0.9999999999960525,52.0,1200000.0,,103656858.13711163,0.10489836594660068,359.5,365.0,1.0,1,virtual-tumor-0079,52.0,365.0,True,False
burden_adaptive,1000000.0,9.432293520186311,1718900.1008714149,1718909.533164935,467674.9838082889,50.0,1718909.533164935,0.9999945126294676,0.9999945126294676,222.0,1200000.0,330.0,290978574.0188712,0.26676014881355264,307.5,211.0,0.5780821917808219,6,virtual-tumor-0079,222.0,330.0,True,True
continuous,1000000.0,7.508589957083928e-07,74666.89094127654,74666.8909420274,67257.48273945757,102.0,1000000.0,0.9999999999899438,0.9999999999899438,35.0,1200000.0,,37290412.106743045,0.10590098134814367,365.0,365.0,1.0,1,virtual-tumor-0080,35.0,365.0,True,False
burden_adaptive,1000000.0,10.99376015833253,518302.9386658399,518313.9324259982,480127.0012264825,43.0,1019488.7475627419,0.9999787893794272,0.9999787893794272,186.0,1200000.0,,241184785.84836483,0.39313361160738036,359.0,213.0,0.5835616438356165,7,virtual-tumor-0080,186.0,365.0,True,False
continuous,1000000.0,0.10767811435803258,24778.813504887967,24778.921183002323,10785.47835294846,156.0,1000000.0,0.9999956544470374,0.9999956544470374,109.0,1200000.0,,26358169.384963166,0.18471380317949504,365.0,365.0,1.0,1,virtual-tumor-0081,109.0,365.0,True,False
burden_adaptive,1000000.0,488760.0634309442,42908.58705483155,531668.6504857758,480149.9900963372,16.0,1029902.3579079089,0.0807055052345606,0.08673420011469977,,1200000.0,,262764085.84240788,0.11447358556397172,356.0,162.0,0.4438356164383562,10,virtual-tumor-0081,365.0,365.0,False,False
continuous,1000000.0,0.9163882706734877,668280.4440084728,668281.3603967435,94867.18003675659,105.0,1000000.0,0.9999986287388442,0.9999986287388442,73.0,1200000.0,,102803496.39849858,0.18387991020820707,365.0,365.0,1.0,1,virtual-tumor-0082,73.0,365.0,True,False
burden_adaptive,1000000.0,830.5839651361047,1136279.3089910783,1137109.8929562145,486483.51376658166,111.0,1137109.8929562145,0.9992695657910627,0.9992695657910627,210.0,1200000.0,,265942477.5972389,0.34616566120538866,342.5,262.0,0.7178082191780822,5,virtual-tumor-0082,210.0,365.0,True,False
continuous,1000000.0,0.0022460649196470697,177718.21010116045,177718.21234722537,20822.16514733796,106.0,1000000.0,0.9999999873616503,0.9999999873616503,78.0,1200000.0,,37230637.227866575,0.14007871618951334,365.0,365.0,1.0,1,virtual-tumor-0083,78.0,365.0,True,False
burden_adaptive,1000000.0,6501.477365826362,1123721.205462067,1130222.6828278932,485443.2365535288,104.0,1130222.6828278932,0.9942476137980534,0.9942476137980534,247.0,1200000.0,,279708100.4483844,0.33576649439066186,338.5,170.0,0.4657534246575342,7,virtual-tumor-0083,247.0,365.0,True,False
continuous,1000000.0,3.6266633336294838e-06,247026.9856757988,247026.98567942544,65357.48683426546,75.0,1000000.0,0.9999999999853187,0.9999999999853187,41.0,1200000.0,,55863801.970056266,0.10920399328902541,365.0,365.0,1.0,1,virtual-tumor-0084,41.0,365.0,True,False
burden_adaptive,1000000.0,0.22283477453741696,879237.0727114885,879237.295546263,470303.57031205366,11.0,1017987.9170447665,0.9999997465590056,0.9999997465590056,168.0,1200000.0,,250448225.18222493,0.2799396153013139,361.0,251.0,0.6876712328767123,5,virtual-tumor-0084,168.0,365.0,True,False
continuous,1000000.0,4.2899044455664695e-06,1360316.0691735633,1360316.0691778532,31645.496060877234,73.0,1360316.0691778532,0.9999999999968464,0.9999999999968464,55.0,1200000.0,355.0,119354390.12967911,0.10376085746656977,338.5,365.0,1.0,1,virtual-tumor-0085,55.0,355.0,True,True
burden_adaptive,1000000.0,20.92008732550116,2484735.6313868347,2484756.55147416,471253.7292324078,45.0,2484756.55147416,0.9999915806289703,0.9999915806289703,196.0,1200000.0,296.0,349341013.3394471,0.28045368356095424,273.5,211.0,0.5780821917808219,7,virtual-tumor-0085,196.0,296.0,True,True
continuous,1000000.0,2.2279442363548994e-05,14634.724525055017,14634.72454733446,6897.416177977684,119.0,1000000.0,0.9999999984776315,0.9999999984776315,77.0,1200000.0,,17566936.083030567,0.12677160674966534,365.0,365.0,1.0,1,virtual-tumor-0086,77.0,365.0,True,False
burden_adaptive,1000000.0,420857.63548059907,82601.74166222033,503459.3771428194,469907.19561125187,72.0,1035920.2012202675,0.16406833482970004,0.1677537525456051,,1200000.0,,261699618.07823396,0.15376369140716944,354.0,134.0,0.36712328767123287,12,virtual-tumor-0086,365.0,365.0,False,False
continuous,1000000.0,0.05567347390349109,2781127.691939708,2781127.747613182,50489.27343882346,96.0,2781127.747613182,0.9999999799816912,0.9999999799816912,82.0,1200000.0,302.0,216570217.3837247,0.14530078300341984,289.5,365.0,1.0,1,virtual-tumor-0087,82.0,302.0,True,True
burden_adaptive,1000000.0,177.41729754119623,3397379.6474487707,3397557.064746312,486440.5619747197,16.0,3397557.064746312,0.9999477809219506,0.9999477809219506,212.0,1200000.0,282.0,394921235.29090786,0.25656229735798297,262.5,256.0,0.7013698630136986,6,virtual-tumor-0087,212.0,282.0,True,True
continuous,1000000.0,1.8866297594986726e-10,9337010.715083629,9337010.715083629,199283.3997925691,35.0,9337010.715083629,1.0,1.0,23.0,1200000.0,133.0,1424200374.3167021,0.07278711648219534,122.5,365.0,1.0,1,virtual-tumor-0088,23.0,133.0,True,True
burden_adaptive,1000000.0,5.849530510416937e-07,9299899.891977293,9299899.891977878,469112.86515296204,10.0,9299899.891977878,0.9999999999999372,0.9999999999999372,61.0,1200000.0,136.0,1425910376.1139367,0.1903010331805553,123.5,292.0,0.8,3,virtual-tumor-0088,61.0,136.0,True,True
continuous,1000000.0,43.73995237280969,1470467.354518443,1470511.094470816,95584.57064991051,126.0,1470511.094470816,0.9999702552721041,0.9999702552721041,111.0,1200000.0,348.0,151391760.84148777,0.218624351529859,332.5,365.0,1.0,1,virtual-tumor-0089,111.0,348.0,True,True
burden_adaptive,1000000.0,9671.470563949319,2033493.1087913546,2043164.579355304,492283.5855546665,26.0,2043164.579355304,0.995266426081544,0.995266426081544,240.0,1200000.0,314.0,324761979.2834679,0.34543264354091513,289.5,260.0,0.7123287671232876,5,virtual-tumor-0089,240.0,314.0,True,True
continuous,1000000.0,0.0011417472020143577,119624.1456262586,119624.1467680058,38905.25220429251,102.0,1000000.0,0.9999999904555458,0.9999999904555458,62.0,1200000.0,,38227664.14178243,0.14218473464005577,365.0,365.0,1.0,1,virtual-tumor-0090,62.0,365.0,True,False
burden_adaptive,1000000.0,9499.689092362383,718957.1695117886,728456.858604151,482066.53220777476,13.0,1018428.5587086985,0.9869591603398924,0.9869591603398924,254.0,1200000.0,,263560406.13051617,0.4194297250426107,358.0,176.0,0.4821917808219178,8,virtual-tumor-0090,254.0,365.0,True,False
continuous,1000000.0,3103.7653904329295,745942.077465113,749045.8428555459,112765.90050075288,181.0,1000000.0,0.9958563745863663,0.9958563745863663,179.0,1200000.0,,113855873.5782762,0.29927902457120914,365.0,365.0,1.0,1,virtual-tumor-0091,179.0,365.0,True,False
burden_adaptive,1000000.0,51486.36524094155,885535.7411861183,937022.1064270599,493922.66820749425,41.0,1029210.1648218307,0.9450532011061477,0.9450532011061477,270.0,1200000.0,,251131441.94503158,0.32102268735137746,360.0,302.0,0.8273972602739726,4,virtual-tumor-0091,270.0,365.0,True,False
continuous,1000000.0,0.03607936343597396,3746888.5150245465,3746888.55110391,254156.96746403183,65.0,3746888.55110391,0.999999990370847,0.999999990370847,42.0,1200000.0,222.0,459551183.9919559,0.14377147450408764,204.5,365.0,1.0,1,virtual-tumor-0092,42.0,222.0,True,True
burden_adaptive,1000000.0,1.326901570274501,4286449.450547272,4286450.777448842,494271.73973773804,20.0,4286450.777448842,0.9999996904428304,0.9999996904428304,74.0,1200000.0,193.0,610822336.3770711,0.25555651432288096,170.5,307.0,0.8410958904109589,3,virtual-tumor-0092,74.0,193.0,True,True
continuous,1000000.0,7.73213376761985e-07,141209.08100228987,141209.08100306307,8781.617269392025,89.0,1000000.0,0.9999999999945244,0.9999999999945244,67.0,1200000.0,,26035625.126551554,0.10298318284686268,365.0,365.0,1.0,1,virtual-tumor-0093,67.0,365.0,True,False
burden_adaptive,1000000.0,753448.1357516876,137208.555524389,890656.6912760766,466253.5524452374,53.0,1014079.6208765523,0.15405324730430672,0.20104782208509267,,1200000.0,,258942715.67374337,0.17720009373025475,358.0,80.0,0.2191780821917808,8,virtual-tumor-0093,365.0,365.0,False,False
continuous,1000000.0,0.0005116166938204334,64192.121721923046,64192.12223353974,5552.531944130053,120.0,1000000.0,0.9999999920299146,0.9999999920299146,96.0,1200000.0,,22610027.301383518,0.1298249007860745,365.0,365.0,1.0,1,virtual-tumor-0094,96.0,365.0,True,False
burden_adaptive,1000000.0,125865.08540819309,550189.8073973588,676054.8928055519,473770.25203016686,175.0,1022780.8135398667,0.8138241631742844,0.8138241631742844,344.0,1200000.0,,264207347.86519778,0.2688924630243787,357.0,132.0,0.36164383561643837,9,virtual-tumor-0094,344.0,365.0,True,False
continuous,1000000.0,120.88132571682166,374337.5272828154,374458.4086085322,176614.20996404084,144.0,1000000.0,0.9996771835724935,0.9996771835724935,83.0,1200000.0,,107159381.05687177,0.2788598688626809,365.0,365.0,1.0,1,virtual-tumor-0095,83.0,365.0,True,False
burden_adaptive,1000000.0,7954.6713117514555,740498.8630983889,748453.5344101404,496893.4943857881,170.0,1016400.9787764016,0.9893718568407582,0.9893718568407582,165.0,1200000.0,,257737595.7252723,0.47041726656858024,362.0,279.0,0.7643835616438356,4,virtual-tumor-0095,165.0,365.0,True,False
continuous,1000000.0,7.311346612672742,71904.21864624972,71911.52999286239,48919.17336513432,174.0,1000000.0,0.999898328590514,0.999898328590514,99.0,1200000.0,,46692747.49596262,0.24677768760157665,365.0,365.0,1.0,1,virtual-tumor-0096,99.0,365.0,True,False
burden_adaptive,1000000.0,642462.5383326857,278487.9523522768,920950.4906849626,489203.0560828366,193.0,1016927.5513444124,0.30239188226627656,0.38720557434339314,,1200000.0,,263110607.52277744,0.3966590772780768,359.0,153.0,0.4191780821917808,7,virtual-tumor-0096,365.0,365.0,False,False
continuous,1000000.0,0.43553272688537187,61779.11817118623,61779.553703913116,57277.59152290735,180.0,1000000.0,0.9999929502124769,0.9999929502124769,71.0,1200000.0,,43731667.68358697,0.2044668752076656,365.0,365.0,1.0,1,virtual-tumor-0097,71.0,365.0,True,False
burden_adaptive,1000000.0,549974.8359474966,307561.8952882545,857536.7312357511,486010.139227859,212.0,1016033.949378995,0.3586574010014046,0.46310777562987954,,1200000.0,,262827725.36613524,0.46985527911374153,358.0,154.0,0.42191780821917807,8,virtual-tumor-0097,365.0,365.0,False,False
continuous,1000000.0,6.096821254892537e-06,1619061.5099788804,1619061.5099849773,70407.7560582897,65.0,1619061.5099849773,0.9999999999962343,0.9999999999962343,44.0,1200000.0,332.0,170757718.92441368,0.10597908761221479,312.5,365.0,1.0,1,virtual-tumor-0098,44.0,332.0,True,True
burden_adaptive,1000000.0,0.051242036237028776,2873635.5175247346,2873635.568766771,471867.94850178837,46.0,2873635.568766771,0.9999999821682204,0.9999999821682204,124.0,1200000.0,249.0,423153322.1565251,0.24175600412910925,224.5,268.0,0.7342465753424657,5,virtual-tumor-0098,124.0,249.0,True,True
continuous,1000000.0,1.4731829746268239e-06,3633.5631750910125,3633.5631765641956,3633.5631765641956,365.0,1000000.0,0.9999999995945624,0.9999999995945624,71.0,1200000.0,,14731038.627554918,0.12117448970459897,365.0,365.0,1.0,1,virtual-tumor-0099,71.0,365.0,True,False
burden_adaptive,1000000.0,361012.8569193046,140565.606673536,501578.4635928406,468067.22406071424,10.0,1024215.7207456499,0.28024649556652614,0.28304246922120185,,1200000.0,,261396860.02636108,0.20841054201610285,356.0,104.0,0.28493150684931506,10,virtual-tumor-0099,365.0,365.0,False,False
continuous,1000000.0,0.00018097644229847428,3249088.7622047607,3249088.762385737,73884.58573855684,69.0,3249088.762385737,0.9999999999442993,0.9999999999442993,51.0,1200000.0,277.0,286739166.45696354,0.11535645399971803,262.5,365.0,1.0,1,virtual-tumor-0100,51.0,277.0,True,True
burden_adaptive,1000000.0,17.04826134400138,3815763.930317191,3815780.978578535,484566.3975385146,59.0,3815780.978578535,0.9999955321698389,0.9999955321698389,163.0,1200000.0,257.0,451645453.6231186,0.29649135184264225,236.5,222.0,0.6082191780821918,5,virtual-tumor-0100,163.0,257.0,True,True
continuous,1000000.0,70.10278575332437,1611082.2209961896,1611152.323781943,158876.7320595514,115.0,1611152.323781943,0.9999564890391066,0.9999564890391066,95.0,1200000.0,333.0,192598733.16099608,0.2309849996447538,313.5,365.0,1.0,1,virtual-tumor-0101,95.0,333.0,True,True
burden_adaptive,1000000.0,932.9922891877051,2216896.1272226004,2217829.1195117882,499059.0396605201,28.0,2217829.1195117882,0.999579321832787,0.999579321832787,157.0,1200000.0,291.0,336325483.24089813,0.29460101278834144,269.5,308.0,0.8438356164383561,3,virtual-tumor-0101,157.0,291.0,True,True
continuous,1000000.0,1.58010280551887e-09,34119.19962887868,34119.19962888026,11606.92622146063,82.0,1000000.0,0.9999999999999537,0.9999999999999537,50.0,1200000.0,,17107480.025299262,0.09106451480435923,365.0,365.0,1.0,1,virtual-tumor-0102,50.0,365.0,True,False
burden_adaptive,1000000.0,354514.06541088445,172491.30973817685,527005.3751490613,461052.70800085715,222.0,1017478.6506643234,0.3273046497664059,0.33568976633405856,,1200000.0,,259952535.1583503,0.24786098405896587,357.0,77.0,0.21095890410958903,9,virtual-tumor-0102,365.0,365.0,False,False
continuous,1000000.0,0.0890618316441714,6031.10383142817,6031.192893259815,3068.4426102033713,184.0,1000000.0,0.9999852331316175,0.9999852331316175,137.0,1200000.0,,23097119.538853984,0.18482117578368643,365.0,365.0,1.0,1,virtual-tumor-0103,137.0,365.0,True,False
burden_adaptive,1000000.0,671525.1098505335,79526.14091507724,751051.2507656107,480365.76885202294,16.0,1018781.8814844143,0.1058864369562123,0.1058864369562123,,1200000.0,,264507478.63473225,0.10834423945839075,358.0,120.0,0.3287671232876712,8,virtual-tumor-0103,365.0,365.0,False,False
continuous,1000000.0,22.96996205656833,12979.829878988581,13002.79984104515,8241.139369847428,231.0,1000000.0,0.9982334603056751,0.9982334603056751,176.0,1200000.0,,34873538.04582962,0.26636429595136285,365.0,365.0,1.0,1,virtual-tumor-0104,176.0,365.0,True,False
burden_adaptive,1000000.0,727433.5411522097,23739.341396720847,751172.8825489306,485753.3060601147,117.0,1029832.6634378104,0.031603033001094114,0.04279459203535368,,1200000.0,,262301212.95546252,0.07005705043994317,358.0,191.0,0.5232876712328767,8,virtual-tumor-0104,365.0,365.0,False,False
continuous,1000000.0,0.2801950701984481,1596.9556806494365,1597.235875719635,1424.0270633930536,244.0,1000000.0,0.9998245750208483,0.9998245750208483,161.0,1200000.0,,23936279.278834917,0.21207790740188123,365.0,365.0,1.0,1,virtual-tumor-0105,161.0,365.0,True,False
burden_adaptive,1000000.0,623153.3312996543,7227.806762376882,630381.1380620312,480353.63564889756,17.0,1023069.4918676929,0.01146577257149094,0.011664254216947466,,1200000.0,,263306707.3961653,0.02843703876589255,357.0,147.0,0.40273972602739727,9,virtual-tumor-0105,365.0,365.0,False,False
continuous,1000000.0,0.11488638251873123,238285.1266951184,238285.24158150092,17936.64155196031,126.0,1000000.0,0.9999995178619467,0.9999995178619467,103.0,1200000.0,,42078242.8128243,0.1611229884927968,365.0,365.0,1.0,1,virtual-tumor-0106,103.0,365.0,True,False
burden_adaptive,1000000.0,272686.28338700865,413476.53408627614,686162.8174732848,482726.0197208634,16.0,1028931.6794743012,0.602592451174862,0.602592451174862,358.0,1200000.0,,263867995.26672682,0.2818834578161971,357.0,164.0,0.44931506849315067,9,virtual-tumor-0106,358.0,365.0,True,False
continuous,1000000.0,0.001106046030663919,80231.07696060333,80231.07806664935,19087.43587337915,111.0,1000000.0,0.9999999862142446,0.9999999862142446,75.0,1200000.0,,29000031.570656553,0.1415846968807925,365.0,365.0,1.0,1,virtual-tumor-0107,75.0,365.0,True,False
burden_adaptive,1000000.0,535766.4853607394,119084.19597211186,654850.6813328513,474226.5177606079,13.0,1023200.8822771257,0.18184938851973653,0.22157118499805578,,1200000.0,,259454348.0095054,0.21607271285254587,357.0,121.0,0.3315068493150685,9,virtual-tumor-0107,365.0,365.0,False,False
continuous,1000000.0,4.8776540087151754e-05,4433568.436771853,4433568.436820629,74955.52342394537,66.0,4433568.436820629,0.9999999999889985,0.9999999999889985,49.0,1200000.0,256.0,376605017.5648291,0.11003698059335396,243.5,365.0,1.0,1,virtual-tumor-0108,49.0,256.0,True,True
burden_adaptive,1000000.0,4.250796605938393,4376283.876972318,4376288.1277689235,478206.7964962856,101.0,4376288.1277689235,0.9999990286753336,0.9999990286753336,194.0,1200000.0,257.0,473039250.45532423,0.2798986164808787,239.5,232.0,0.6356164383561644,5,virtual-tumor-0108,194.0,257.0,True,True
continuous,1000000.0,1.605025918220418e-07,31290.81080142983,31290.810801590334,31290.810801590334,365.0,1000000.0,0.9999999999948705,0.9999999999948705,32.0,1200000.0,,30177924.654523343,0.10227900171169729,365.0,365.0,1.0,1,virtual-tumor-0109,32.0,365.0,True,False
burden_adaptive,1000000.0,1052.743210922133,498558.675895025,499611.41910594713,472020.56623240886,60.0,1012744.0980219494,0.9978928760019017,0.9978928760019017,172.0,1200000.0,,252533223.6983543,0.5008936512563936,360.0,138.0,0.3780821917808219,6,virtual-tumor-0109,172.0,365.0,True,False
continuous,1000000.0,5.716854581212058e-09,1307951.84996023,1307951.8499602359,51376.54218428984,57.0,1307951.8499602359,0.9999999999999956,0.9999999999999956,37.0,1200000.0,356.0,135023019.56247804,0.08584733840943301,336.5,365.0,1.0,1,virtual-tumor-0110,37.0,356.0,True,True
burden_adaptive,1000000.0,0.07191187799280672,2644131.64247998,2644131.714391858,479641.2805960713,54.0,2644131.714391858,0.9999999728032164,0.9999999728032164,153.0,1200000.0,268.0,389204186.47748864,0.2798351117627208,243.5,210.0,0.5753424657534246,5,virtual-tumor-0110,153.0,268.0,True,True
continuous,1000000.0,282.03604027732985,53605.93331207844,53887.96935235577,40035.931918997616,233.0,1000000.0,0.9947662522142338,0.9947662522142338,157.0,1200000.0,,53024893.186329775,0.3396286567037577,365.0,365.0,1.0,1,virtual-tumor-0111,157.0,365.0,True,False
burden_adaptive,1000000.0,360787.5113018366,180620.3409888153,541407.8522906519,490533.8434317021,30.0,1030297.2040978225,0.3336123409082923,0.3336123409082923,,1200000.0,,264345182.68995607,0.3033773273288203,356.0,230.0,0.6301369863013698,7,virtual-tumor-0111,365.0,365.0,False,False
continuous,1000000.0,6.119956787091533e-07,293423.31546792464,293423.31546853663,31303.055447708834,75.0,1000000.0,0.9999999999979143,0.9999999999979143,49.0,1200000.0,,47411379.32548043,0.10310920688071464,365.0,365.0,1.0,1,virtual-tumor-0112,49.0,365.0,True,False
burden_adaptive,1000000.0,13.40936960268938,1140800.7405684607,1140814.1499380635,475468.1779292851,39.0,1140814.1499380635,0.9999882457895499,0.9999882457895499,204.0,1200000.0,,275679486.9986026,0.30592394148413904,336.5,209.0,0.5726027397260274,8,virtual-tumor-0112,204.0,365.0,True,False
continuous,1000000.0,7.95747031880002e-09,9331262.223765308,9331262.223765315,175869.1709693718,41.0,9331262.223765315,0.9999999999999992,0.9999999999999992,28.0,1200000.0,147.0,1286547140.9688344,0.0819182119098526,137.5,365.0,1.0,1,virtual-tumor-0113,28.0,147.0,True,True
burden_adaptive,1000000.0,3.254660239697786e-06,9300472.760105692,9300472.760108946,478506.56750021304,50.0,9300472.760108946,0.9999999999996502,0.9999999999996502,88.0,1200000.0,150.0,1307028642.7480004,0.16662520225578062,137.5,309.0,0.8465753424657534,3,virtual-tumor-0113,88.0,150.0,True,True
continuous,1000000.0,1.6635708554506192e-08,10727.128656166047,10727.128656182684,10727.128656182684,365.0,1000000.0,0.9999999999984491,0.9999999999984491,47.0,1200000.0,,16377470.512356259,0.10191979542808517,365.0,365.0,1.0,1,virtual-tumor-0114,47.0,365.0,True,False
burden_adaptive,1000000.0,675895.8269664244,216816.0708291707,892711.897795595,461235.1126636515,9.0,1019618.9328885468,0.24287350864770849,0.3336257748574622,,1200000.0,,256904780.33659267,0.32794697740337736,358.0,76.0,0.20821917808219179,8,virtual-tumor-0114,365.0,365.0,False,False
continuous,1000000.0,133.93731286554646,2603810.8896565572,2603944.826969423,170994.7764052786,114.0,2603944.826969423,0.9999485636901833,0.9999485636901833,101.0,1200000.0,296.0,258474761.7330621,0.23265626303524142,280.5,365.0,1.0,1,virtual-tumor-0115,101.0,296.0,True,True
burden_adaptive,1000000.0,7935.967545802896,2712161.614004902,2720097.581550705,493724.79461829766,90.0,2720097.581550705,0.9970824695409352,0.9970824695409352,211.0,1200000.0,287.0,370710051.1300842,0.3625356188398113,263.5,282.0,0.7726027397260274,4,virtual-tumor-0115,211.0,287.0,True,True
continuous,1000000.0,0.004370376107207658,396.33632591838864,396.34069629449584,396.34069629449584,365.0,1000000.0,0.9999889731835563,0.9999889731835563,119.0,1200000.0,,18839582.865244277,0.19254068592876783,365.0,365.0,1.0,1,virtual-tumor-0116,119.0,365.0,True,False
burden_adaptive,1000000.0,652935.7753267842,7495.2939190496945,660431.0692458339,473885.13573261426,356.0,1033339.4809945968,0.011349093445298986,0.014727242359502471,,1200000.0,,261542921.39955813,0.04535653586962649,355.0,150.0,0.410958904109589,11,virtual-tumor-0116,365.0,365.0,False,False
continuous,1000000.0,0.5511228885511101,557060.1699244409,557060.7210473295,141484.4605482384,99.0,1000000.0,0.9999990106592195,0.9999990106592195,58.0,1200000.0,,109648018.50262544,0.18043292664541724,365.0,365.0,1.0,1,virtual-tumor-0117,58.0,365.0,True,False
burden_adaptive,1000000.0,955.0646754579751,983960.196828958,984915.261504416,488701.43008270854,115.0,1020852.2025905771,0.999030307770844,0.999030307770844,168.0,1200000.0,,269092193.17506945,0.41648869648667974,361.0,255.0,0.6986301369863014,5,virtual-tumor-0117,168.0,365.0,True,False
continuous,1000000.0,0.0005755907658977264,1855.5627596055951,1855.563335196361,1855.563335196361,365.0,1000000.0,0.9999996898026842,0.9999996898026842,100.0,1200000.0,,17707179.98534346,0.15815136371890737,365.0,365.0,1.0,1,virtual-tumor-0118,100.0,365.0,True,False
burden_adaptive,1000000.0,482580.6754221962,58841.62456571092,541422.2999879072,474168.10958833573,270.0,1019408.3160120255,0.10867972111053638,0.11335739350285311,,1200000.0,,261583280.13834387,0.12157940732247087,357.0,112.0,0.30684931506849317,9,virtual-tumor-0118,365.0,365.0,False,False
continuous,1000000.0,779.3397206073312,149356.72399521206,150136.0637158194,62063.09749811532,204.0,1000000.0,0.9948091104740665,0.9948091104740665,169.0,1200000.0,,66505508.42212675,0.32518439280168715,365.0,365.0,1.0,1,virtual-tumor-0119,169.0,365.0,True,False
burden_adaptive,1000000.0,214729.22607446564,393041.4511724133,607770.677246879,490251.1722953314,34.0,1029611.1820711603,0.6466936722792209,0.6466936722792209,344.0,1200000.0,,263357828.0179021,0.3531090113535088,358.0,249.0,0.6821917808219178,6,virtual-tumor-0119,344.0,365.0,True,False
continuous,1000000.0,5.6499245385529636e-09,49045.28564071074,49045.28564071639,4079.627772016186,87.0,1000000.0,0.9999999999998848,0.9999999999998848,65.0,1200000.0,,16061435.963494375,0.09056312421668679,365.0,365.0,1.0,1,virtual-tumor-0120,65.0,365.0,True,False
burden_adaptive,1000000.0,47184.8156896756,677536.2320701244,724721.0477598,463350.3373031042,187.0,1024706.5421832001,0.9348924447060982,0.9348924447060982,305.0,1200000.0,,263648527.2004648,0.28373084730476333,356.0,107.0,0.29315068493150687,10,virtual-tumor-0120,305.0,365.0,True,False
continuous,1000000.0,0.0382688097348668,10141.00108114439,10141.039349954124,4097.804870050454,166.0,1000000.0,0.9999962263424473,0.9999962263424473,124.0,1200000.0,,22523368.63953107,0.17348215283949817,365.0,365.0,1.0,1,virtual-tumor-0121,124.0,365.0,True,False
burden_adaptive,1000000.0,710985.4682208592,202802.5253582563,913787.9935791155,484253.986430439,15.0,1023198.3690576658,0.2219360801228318,0.25080154828976736,,1200000.0,,261411563.96746454,0.18121633486529576,358.0,126.0,0.3452054794520548,8,virtual-tumor-0121,365.0,365.0,False,False
continuous,1000000.0,0.012213454326778266,9798.415674156398,9798.427887610726,9798.427887610726,365.0,1000000.0,0.9999987535291919,0.9999987535291919,77.0,1200000.0,,24933735.524437286,0.18214421511553947,365.0,365.0,1.0,1,virtual-tumor-0122,77.0,365.0,True,False
burden_adaptive,1000000.0,403827.14593737404,135338.145305006,539165.29124238,477253.62182954885,87.0,1029937.2716109662,0.2510142019586442,0.2510142019586442,,1200000.0,,262305466.10527584,0.3034550497237636,356.0,152.0,0.41643835616438357,10,virtual-tumor-0122,365.0,365.0,False,False
continuous,1000000.0,2.4269045724179747e-08,4887091.387078,4887091.387078024,13163.797047129814,70.0,4887091.387078024,0.999999999999995,0.999999999999995,58.0,1200000.0,280.0,305714655.283524,0.08390589245004135,270.5,365.0,1.0,1,virtual-tumor-0123,58.0,280.0,True,True
burden_adaptive,1000000.0,4.122947825001699,4291207.294309687,4291211.417257512,464457.4284213692,9.0,4291211.417257512,0.99999903921121,0.99999903921121,237.0,1200000.0,291.0,401860003.8424692,0.20504193566725165,275.5,194.0,0.5315068493150685,7,virtual-tumor-0123,237.0,291.0,True,True
continuous,1000000.0,481.7105989328054,45859.96798128362,46341.67858021642,24351.076001706864,239.0,1000000.0,0.9896052406021725,0.9896052406021725,203.0,1200000.0,,51129054.56413327,0.3116518946537924,365.0,365.0,1.0,1,virtual-tumor-0124,203.0,365.0,True,False
burden_adaptive,1000000.0,722273.2098826857,50095.16500306941,772368.3748857551,491279.05849330005,206.0,1025325.4184925458,0.06485916129137115,0.07263817812746082,,1200000.0,,266876349.3805774,0.10568611781513526,357.0,207.0,0.5671232876712329,7,virtual-tumor-0124,365.0,365.0,False,False
continuous,1000000.0,1.2069887644224532e-06,7189340.391162738,7189340.391163945,149816.0011743534,49.0,7189340.391163945,0.9999999999998321,0.9999999999998321,35.0,1200000.0,175.0,888269148.8347971,0.0951432325689,164.5,365.0,1.0,1,virtual-tumor-0125,35.0,175.0,True,True
burden_adaptive,1000000.0,0.002187913666640388,7319319.192458508,7319319.194646421,484419.99085282243,48.0,7319319.194646421,0.9999999997010769,0.9999999997010769,90.0,1200000.0,166.0,999787058.1635779,0.21854764691211104,149.5,287.0,0.7863013698630137,4,virtual-tumor-0125,90.0,166.0,True,True
continuous,1000000.0,0.000688696941781514,265647.49281170685,265647.49350040377,11300.92743864842,106.0,1000000.0,0.9999999974074781,0.9999999974074781,86.0,1200000.0,,37278984.85941942,0.12698945546220078,365.0,365.0,1.0,1,virtual-tumor-0126,86.0,365.0,True,False
burden_adaptive,1000000.0,475046.92766291957,235398.07668340596,710445.0043463255,474623.1001140364,155.0,1030529.6425363164,0.33133891468487947,0.39030669275742436,,1200000.0,,260831618.65988928,0.214661647254464,356.0,134.0,0.36712328767123287,10,virtual-tumor-0126,365.0,365.0,False,False
continuous,1000000.0,0.0012798139071348693,17052.718740682623,17052.72002049653,17052.72002049653,365.0,1000000.0,0.9999999249495737,0.9999999249495737,56.0,1200000.0,,27627801.520023882,0.1567721870624908,365.0,365.0,1.0,1,virtual-tumor-0127,56.0,365.0,True,False
burden_adaptive,1000000.0,332871.14241939137,429639.33978747076,762510.4822068622,480007.2814635462,178.0,1013791.0699045903,0.5634536833434816,0.5634536833434816,302.0,1200000.0,,262627478.7438106,0.49896348522775924,359.0,104.0,0.28493150684931506,7,virtual-tumor-0127,302.0,365.0,True,False
continuous,1000000.0,0.2348621191591191,358394.91869821126,358395.1535603304,21602.587972471243,126.0,1000000.0,0.9999993446838865,0.9999993446838865,105.0,1200000.0,,51148582.20935607,0.16394095762078614,365.0,365.0,1.0,1,virtual-tumor-0128,105.0,365.0,True,False
burden_adaptive,1000000.0,574990.2858874133,283263.80663783266,858254.092525246,481992.67798679875,17.0,1018259.2233784527,0.33004655509929925,0.3421257316975901,,1200000.0,,263492967.82336092,0.24536649193511,358.0,135.0,0.3698630136986301,8,virtual-tumor-0128,365.0,365.0,False,False
