partition,tumor_index,strategy,initial_total_burden,final_sensitive_cells,final_resistant_cells,final_total_burden,minimum_total_burden,nadir_day,maximum_total_burden,final_resistant_fraction,maximum_resistant_fraction,resistant_dominance_day,progression_threshold,time_to_progression_days,tumor_burden_auc,mean_shannon_diversity,control_time_below_initial_days,cumulative_dose_days,treatment_fraction,treatment_cycles,normalized_burden_auc,normalized_terminal_resistant,normalized_dose,loss,within_exposure_and_consecutive_limits,schedule_grid_membership
search,0,continuous,1000000.0,1.845817805818698,2410005.1741130897,2410007.0199308954,159488.26952287002,91.0,2410007.0199308954,0.9999992341027265,0.9999992341027265,69.0,1200000.0,294.0,256043122.86500156,0.18292149138432487,276.5,365.0,1.0,1,0.7014880078493193,2.4100051741130897,1.0,3.361493181962409,False,not_asserted_for_feedback_or_fixed_policies
search,0,burden_adaptive,1000000.0,536.01230484653,2465846.0511925938,2466382.0634974404,491505.99762349797,78.0,2466382.0634974404,0.9997826726390936,0.9997826726390936,192.0,1200000.0,290.0,355096772.93819374,0.34487526823465164,268.5,266.0,0.7287671232876712,4,0.9728678710635444,2.4658460511925937,0.7287671232876712,3.620905703078056,False,not_asserted_for_feedback_or_fixed_policies
evaluation,0,continuous,1000000.0,2.683925562128675e-07,2948487.3163051773,2948487.3163054455,157128.64703525096,49.0,2948487.3163054455,0.9999999999999091,0.9999999999999091,28.0,1200000.0,247.0,356019504.7395811,0.08967377146168413,228.5,365.0,1.0,1,0.9753959033961126,2.9484873163051772,1.0,4.17388321970129,False,not_asserted_for_feedback_or_fixed_policies
evaluation,0,burden_adaptive,1000000.0,0.0002494018857204683,3754924.591553157,3754924.591802559,475733.9375400857,11.0,3754924.591802559,0.9999999999335801,0.9999999999335801,101.0,1200000.0,195.0,565050016.4576495,0.20640621319782634,173.5,292.0,0.8,3,1.5480822368702725,3.754924591553157,0.8,5.5030068284234295,False,not_asserted_for_feedback_or_fixed_policies
evaluation,1,continuous,1000000.0,1.962559499485431e-06,85972.0175921531,85972.01759411566,4818.28200913746,99.0,1000000.0,0.9999999999771721,0.9999999999771721,78.0,1200000.0,,20738133.851888273,0.1054559263094249,365.0,365.0,1.0,1,0.0568168050736665,0.0859720175921531,1.0,0.3927888226658196,False,not_asserted_for_feedback_or_fixed_policies
evaluation,1,burden_adaptive,1000000.0,2697.4575044872313,765412.7338892032,768110.1913936904,468925.09134101373,10.0,1022021.259504849,0.9964881894099167,0.9964881894099167,299.0,1200000.0,,257007211.0888766,0.24828697228708865,357.0,159.0,0.43561643835616437,9,0.704129345448977,0.7654127338892032,0.43561643835616437,1.5784461889272212,True,not_asserted_for_feedback_or_fixed_policies
evaluation,2,continuous,1000000.0,0.01583669767132483,79641.68716964568,79641.70300634335,14611.932868211734,125.0,1000000.0,0.9999998011506903,0.9999998011506903,93.0,1200000.0,,29333245.29214982,0.1571876843646496,365.0,365.0,1.0,1,0.08036505559493101,0.07964168716964568,1.0,0.4100067427645767,False,not_asserted_for_feedback_or_fixed_policies
evaluation,2,burden_adaptive,1000000.0,144270.05569799372,530504.0756356313,674774.1313336251,480084.08200921427,83.0,1033139.0107667038,0.7861950406829348,0.7861950406829348,309.0,1200000.0,,264685845.16740415,0.3301014758677112,356.0,173.0,0.473972602739726,10,0.7251666990887785,0.5305040756356313,0.473972602739726,1.3741639254093414,True,not_asserted_for_feedback_or_fixed_policies
evaluation,3,continuous,1000000.0,79.27802573062739,388574.93210611225,388654.2101318429,33762.89337933931,168.0,1000000.0,0.9997960191253203,0.9997960191253203,155.0,1200000.0,,63363712.04022554,0.22213333586511608,365.0,365.0,1.0,1,0.17359921106911108,0.38857493210611227,1.0,0.8121741431752234,False,not_asserted_for_feedback_or_fixed_policies
evaluation,3,burden_adaptive,1000000.0,103320.93070518007,713328.6057024227,816649.5364076027,489359.9935708861,164.0,1024266.4849841715,0.8734819208253234,0.8734819208253234,319.0,1200000.0,,267017340.17451116,0.28986587536604363,358.0,240.0,0.6575342465753424,7,0.7315543566424964,0.7133286057024226,0.6575342465753424,1.6092665239887547,True,not_asserted_for_feedback_or_fixed_policies
evaluation,4,continuous,1000000.0,9.816646363572289e-09,1586618.8557438834,1586618.8557438932,47910.06663146623,58.0,1586618.8557438932,0.9999999999999938,0.9999999999999938,39.0,1200000.0,338.0,152502750.52303517,0.0864137317955274,319.5,365.0,1.0,1,0.4178157548576306,1.5866188557438834,1.0,2.254434610601514,False,not_asserted_for_feedback_or_fixed_policies
evaluation,4,burden_adaptive,1000000.0,0.05808390588023747,2775032.8793045525,2775032.9373884583,461454.61793376633,9.0,2775032.9373884583,0.9999999790691112,0.9999999790691112,188.0,1200000.0,272.0,386255846.98863447,0.26195584882269585,249.5,220.0,0.6027397260273972,5,1.0582351972291355,2.7750328793045527,0.6027397260273972,3.9839530080405376,False,not_asserted_for_feedback_or_fixed_policies
evaluation,5,continuous,1000000.0,2.1130824459132524e-09,1383972.3806765226,1383972.3806765247,20500.43719795348,63.0,1383972.3806765247,0.9999999999999984,0.9999999999999984,47.0,1200000.0,354.0,110876493.44548611,0.08330740276424484,339.5,365.0,1.0,1,0.30377121491914005,1.3839723806765227,1.0,1.9377435955956628,False,not_asserted_for_feedback_or_fixed_policies
evaluation,5,burden_adaptive,1000000.0,3.0009234936823748,1820698.0603458416,1820701.0612693352,468297.24983760074,121.0,1820701.0612693352,0.9999983517758311,0.9999983517758311,243.0,1200000.0,332.0,291301745.47216046,0.24731532724469354,311.5,183.0,0.5013698630136987,7,0.79808697389633,1.8206980603458416,0.5013698630136987,2.7441274999955962,False,not_asserted_for_feedback_or_fixed_policies
evaluation,6,continuous,1000000.0,3.738683552393276,92877.6254038757,92881.3640874281,33869.79593903183,155.0,1000000.0,0.9999597477536089,0.9999597477536089,110.0,1200000.0,,42816983.41653905,0.22177677632636547,365.0,365.0,1.0,1,0.1173068038809289,0.0928776254038757,1.0,0.46018442928480463,False,not_asserted_for_feedback_or_fixed_policies
evaluation,6,burden_adaptive,1000000.0,130831.31926954181,405685.961308918,536517.2805784598,483563.52543616487,21.0,1007676.1235161423,0.7561470543344239,0.7612329231319339,332.0,1200000.0,,258280523.78039628,0.37306882004137565,360.0,164.0,0.44931506849315067,6,0.7076178733709487,0.40568596130891804,0.44931506849315067,1.2256326018031545,True,not_asserted_for_feedback_or_fixed_policies
evaluation,7,continuous,1000000.0,0.0015001585011672849,1356557.4542693864,1356557.455769545,53400.303609303206,83.0,1356557.455769545,0.999999998894143,0.999999998894143,62.0,1200000.0,354.0,132147911.50817832,0.12939440679722777,337.5,365.0,1.0,1,0.3620490726251461,1.3565574542693863,1.0,1.9686065268945323,False,not_asserted_for_feedback_or_fixed_policies
evaluation,7,burden_adaptive,1000000.0,193.97637082668476,1829266.6368610393,1829460.613231866,480649.3958301649,141.0,1829460.613231866,0.99989397073136,0.99989397073136,232.0,1200000.0,325.0,303687866.63095486,0.3096197963283088,302.5,218.0,0.5972602739726027,6,0.832021552413575,1.8292666368610393,0.5972602739726027,2.8106032577677653,False,not_asserted_for_feedback_or_fixed_policies
evaluation,8,continuous,1000000.0,0.0010507589295672573,256354.40577147334,256354.40682223227,12135.089519533156,107.0,1000000.0,0.9999999959011474,0.9999999959011474,86.0,1200000.0,,37471373.71737583,0.12973498629443375,365.0,365.0,1.0,1,0.10266129785582419,0.25635440577147334,1.0,0.6090157036272975,False,not_asserted_for_feedback_or_fixed_policies
evaluation,8,burden_adaptive,1000000.0,129436.34762608905,634674.8596528332,764111.2072789222,474375.5976056057,82.0,1032078.643556702,0.8306053537847914,0.8306053537847914,309.0,1200000.0,,263779842.41426194,0.3015044559934898,356.0,154.0,0.42191780821917807,10,0.7226844997651012,0.6346748596528332,0.42191780821917807,1.4628388114727289,True,not_asserted_for_feedback_or_fixed_policies
evaluation,9,continuous,1000000.0,0.007927896571476046,49065.01659133303,49065.0245192296,49065.0245192296,365.0,1000000.0,0.9999998384206132,0.9999998384206132,51.0,1200000.0,,39989043.87204054,0.1612594078533655,365.0,365.0,1.0,1,0.10955902430696038,0.04906501659133303,1.0,0.4086240408982934,False,not_asserted_for_feedback_or_fixed_policies
evaluation,9,burden_adaptive,1000000.0,325241.8608564143,630187.9009848473,955429.7618412616,491512.611904517,238.0,1019112.1942757987,0.6595857970452765,0.7859301911488896,235.0,1200000.0,,260374208.84562024,0.5533434777221926,360.0,123.0,0.336986301369863,6,0.7133539968373157,0.6301879009848473,0.336986301369863,1.4277884731646286,True,not_asserted_for_feedback_or_fixed_policies
evaluation,10,continuous,1000000.0,0.9669477688959895,14951.25211850137,14952.219066270267,8221.4084935839,188.0,1000000.0,0.9999353308184817,0.9999353308184817,134.0,1200000.0,,28331448.626922417,0.2142478880182189,365.0,365.0,1.0,1,0.07762040719704771,0.01495125211850137,1.0,0.3425716593155491,False,not_asserted_for_feedback_or_fixed_policies
evaluation,10,burden_adaptive,1000000.0,796692.2633773409,35052.25787358158,831744.5212509225,484656.5115065492,241.0,1019652.5668262678,0.042143058328612586,0.05620570726153976,,1200000.0,,263823512.48957473,0.0923995478382514,357.0,153.0,0.4191780821917808,9,0.722804143807054,0.03505225787358158,0.4191780821917808,0.8626509222285809,True,not_asserted_for_feedback_or_fixed_policies
evaluation,11,continuous,1000000.0,0.1836353140960749,3063320.4834994674,3063320.6671347814,169218.8410319129,77.0,3063320.6671347814,0.9999999400535126,0.9999999400535126,55.0,1200000.0,264.0,329486362.40605974,0.15631986073355536,246.5,365.0,1.0,1,0.9027023627563281,3.063320483499467,1.0,4.216022846255795,False,not_asserted_for_feedback_or_fixed_policies
evaluation,11,burden_adaptive,1000000.0,29.91190332764078,3440718.6285073776,3440748.5404107054,486548.217270811,19.0,3440748.5404107054,0.9999913065709463,0.9999913065709463,150.0,1200000.0,247.0,450953903.16043335,0.28929527245458564,225.5,294.0,0.8054794520547945,4,1.235490145645023,3.4407186285073776,0.8054794520547945,4.877578637166099,False,not_asserted_for_feedback_or_fixed_policies
evaluation,12,continuous,1000000.0,0.017134105247186258,34669.161668209344,34669.17880231459,30495.15018989649,157.0,1000000.0,0.9999995057827776,0.9999995057827776,72.0,1200000.0,,30530423.206690338,0.17314106570102517,365.0,365.0,1.0,1,0.08364499508682284,0.034669161668209346,1.0,0.3683141567550322,False,not_asserted_for_feedback_or_fixed_policies
evaluation,12,burden_adaptive,1000000.0,234660.36013934805,292422.6764847925,527083.0366241406,480097.218294392,15.0,1025627.8462101426,0.5547943230305801,0.5693877580762938,357.0,1200000.0,,261077070.15233666,0.40675419368979704,357.0,155.0,0.4246575342465753,9,0.7152796442529772,0.2924226764847925,0.4246575342465753,1.1138667042994137,True,not_asserted_for_feedback_or_fixed_policies
evaluation,13,continuous,1000000.0,1.3975421283414373e-08,740276.3926441852,740276.3926441992,16918.447001238084,69.0,1000000.0,0.9999999999999811,0.9999999999999811,51.0,1200000.0,,67840944.0498865,0.08834551748674706,365.0,365.0,1.0,1,0.18586560013667533,0.7402763926441852,1.0,1.1761419927808605,False,not_asserted_for_feedback_or_fixed_policies
evaluation,13,burden_adaptive,1000000.0,2040.1575548341145,970358.1239184137,972398.2814732478,464129.4803263425,90.0,1020621.445760375,0.9979019321674004,0.9979019321674004,263.0,1200000.0,,264705656.1815444,0.3120871905391586,358.0,132.0,0.36164383561643837,8,0.7252209758398477,0.9703581239184137,0.36164383561643837,1.785990058662371,True,not_asserted_for_feedback_or_fixed_policies
evaluation,14,continuous,1000000.0,2.279591612773371e-05,217456.82915131532,217456.82917411125,25447.37956108793,87.0,1000000.0,0.9999999998951703,0.9999999998951703,60.0,1200000.0,,39877234.254562825,0.11721495690710415,365.0,365.0,1.0,1,0.10925269658784335,0.2174568291513153,1.0,0.5767095257391587,False,not_asserted_for_feedback_or_fixed_policies
evaluation,14,burden_adaptive,1000000.0,729949.139997703,207147.72457406143,937096.8645717645,471264.31280331744,152.0,1028866.7670070499,0.22105262796789318,0.34017450336092936,,1200000.0,,261033135.00127244,0.2860103374981502,356.0,118.0,0.3232876712328767,10,0.7151592739760889,0.20714772457406144,0.3232876712328767,1.0031289163583696,True,not_asserted_for_feedback_or_fixed_policies
evaluation,15,continuous,1000000.0,377.61906979237773,397.0835398177142,774.7026096100919,774.7026096100919,365.0,1000000.0,0.5125625432158625,0.5125625432158625,363.0,1200000.0,,44055329.375478745,0.24326372863671084,365.0,365.0,1.0,1,0.12069953253555821,0.0003970835398177142,1.0,0.3710966160753759,False,not_asserted_for_feedback_or_fixed_policies
evaluation,15,burden_adaptive,1000000.0,588843.5641132336,2598.1001885110572,591441.6643017447,489808.49310223607,140.0,1029059.7932567378,0.004392825776957008,0.004937850668944822,,1200000.0,,263049782.6410051,0.01666229121347833,358.0,215.0,0.589041095890411,7,0.7206843360027537,0.0025981001885110573,0.589041095890411,0.8705427101638675,True,not_asserted_for_feedback_or_fixed_policies
