scenario_id,sweep,transition_rate_per_day,adaptive_stop_fraction,adaptive_restart_fraction,strategy,initial_total_burden,final_sensitive_cells,final_resistant_cells,final_total_burden,minimum_total_burden,nadir_day,maximum_total_burden,final_resistant_fraction,maximum_resistant_fraction,resistant_dominance_day,progression_threshold,time_to_progression_days,tumor_burden_auc,mean_shannon_diversity,control_time_below_initial_days,cumulative_dose_days,treatment_fraction,treatment_cycles,burden_auc_delta_vs_continuous,dose_days_delta_vs_continuous
scenario-001,acquired_transition,0.0,0.5,1.0,continuous,1000000.0,0.007315927308231608,1883720.7824341084,1883720.7897500359,47693.21861474473,89.0,1883720.7897500359,0.9999999961162358,0.9999999961162358,71.0,1200000.0,330.0,157726841.09540185,0.13555047272612794,315.5,365.0,1.0,1,0.0,0.0
scenario-001,acquired_transition,0.0,0.5,1.0,burden_adaptive,1000000.0,3989.7205174844794,1549353.788941768,1553343.5094592525,480582.62134814466,138.0,1553343.5094592525,0.99743152722293,0.99743152722293,235.0,1200000.0,345.0,288019333.7931695,0.33888245593328586,323.5,195.0,0.5342465753424658,7,130292492.69776765,-170.0
scenario-002,acquired_transition,1e-06,0.5,1.0,continuous,1000000.0,0.007309146142417761,1886022.5272836548,1886022.534592801,47747.277175230294,89.0,1886022.534592801,0.9999999961245711,0.9999999961245711,71.0,1200000.0,330.0,157914287.6626061,0.1355388068315299,315.5,365.0,1.0,1,0.0,0.0
scenario-002,acquired_transition,1e-06,0.5,1.0,burden_adaptive,1000000.0,3982.814612552603,1555618.0446774156,1559600.8592899682,480804.6909884395,138.0,1559600.8592899682,0.9974462603115224,0.9974462603115224,235.0,1200000.0,345.0,288475142.5203073,0.3391317210911929,323.5,195.0,0.5342465753424658,7,130560854.85770121,-170.0
scenario-003,acquired_transition,1e-05,0.5,1.0,continuous,1000000.0,0.007248454904102633,1906676.9639952455,1906676.9712437005,48233.7182569545,89.0,1906676.9712437005,0.9999999961983833,0.9999999961983833,70.0,1200000.0,329.0,159598680.58156803,0.13543423807063393,314.5,365.0,1.0,1,0.0,0.0
scenario-003,acquired_transition,1e-05,0.5,1.0,burden_adaptive,1000000.0,4619.111018027361,1614468.107651146,1619087.2186691733,482802.2724345038,138.0,1619087.2186691733,0.997147089443505,0.997147089443505,235.0,1200000.0,341.0,291308803.3628746,0.34609432883265756,319.5,193.0,0.5287671232876713,7,131710122.7813066,-172.0
scenario-004,acquired_transition,0.0001,0.5,1.0,continuous,1000000.0,0.0066736827563371685,2107330.6262496384,2107330.6329233213,52980.5411882399,87.0,2107330.6329233213,0.9999999968331107,0.9999999968331107,69.0,1200000.0,321.0,176187658.9035568,0.13442741722744525,306.5,365.0,1.0,1,0.0,0.0
scenario-004,acquired_transition,0.0001,0.5,1.0,burden_adaptive,1000000.0,322.2545842768963,2178166.5890332405,2178488.8436175175,483709.92468810605,139.0,2178488.8436175175,0.9998520742554082,0.9998520742554082,233.0,1200000.0,318.0,314561827.8748678,0.296622531648159,298.5,225.0,0.6164383561643836,6,138374168.971311,-140.0
scenario-005,acquired_transition,0.001,0.5,1.0,continuous,1000000.0,0.0031145927613872395,3659415.27567247,3659415.278787063,93884.91995238389,74.0,3659415.278787063,0.9999999991488824,0.9999999991488824,56.0,1200000.0,269.0,320712958.8784903,0.1266448762085543,255.5,365.0,1.0,1,0.0,0.0
scenario-005,acquired_transition,0.001,0.5,1.0,burden_adaptive,1000000.0,1.5623969722971964,5124226.987423193,5124228.549820165,490197.46530501463,106.0,5124228.549820165,0.9999996950961579,0.9999996950961579,149.0,1200000.0,229.0,568096204.8459469,0.24162595742834514,211.5,278.0,0.7616438356164383,4,247383245.96745658,-87.0
scenario-006,policy_threshold,0.0,0.25,0.9,continuous,1000000.0,0.007315927308231608,1883720.7824341084,1883720.7897500359,47693.21861474473,89.0,1883720.7897500359,0.9999999961162358,0.9999999961162358,71.0,1200000.0,330.0,157726841.09540185,0.13555047272612794,315.5,365.0,1.0,1,0.0,0.0
scenario-006,policy_threshold,0.0,0.25,0.9,burden_adaptive,1000000.0,2469.9233506917612,1678785.9801258317,1681255.9034765235,243683.09454615714,104.0,1681255.9034765235,0.9985309057677749,0.9985309057677749,188.0,1200000.0,339.0,234523264.7128752,0.37160926326755706,323.5,203.0,0.5561643835616439,4,76796423.61747333,-162.0
scenario-007,policy_threshold,0.0,0.25,1.0,continuous,1000000.0,0.007315927308231608,1883720.7824341084,1883720.7897500359,47693.21861474473,89.0,1883720.7897500359,0.9999999961162358,0.9999999961162358,71.0,1200000.0,330.0,157726841.09540185,0.13555047272612794,315.5,365.0,1.0,1,0.0,0.0
scenario-007,policy_threshold,0.0,0.25,1.0,burden_adaptive,1000000.0,24.635559414029604,1706074.5634235882,1706099.1989830022,247829.44057468526,110.0,1706099.1989830022,0.9999855603006972,0.9999855603006972,197.0,1200000.0,338.0,223772288.70150143,0.23631082777635448,321.5,261.0,0.7150684931506849,3,66045447.606099576,-104.0
scenario-008,policy_threshold,0.0,0.25,1.1,continuous,1000000.0,0.007315927308231608,1883720.7824341084,1883720.7897500359,47693.21861474473,89.0,1883720.7897500359,0.9999999961162358,0.9999999961162358,71.0,1200000.0,330.0,157726841.09540185,0.13555047272612794,315.5,365.0,1.0,1,0.0,0.0
scenario-008,policy_threshold,0.0,0.25,1.1,burden_adaptive,1000000.0,45.46343713483598,1682959.6072996461,1683005.070736781,246216.96399500637,115.0,1683005.070736781,0.9999729867497577,0.9999729867497577,206.0,1200000.0,339.0,232867715.6094408,0.24660972302725387,313.5,253.0,0.6931506849315069,3,75140874.51403895,-112.0
scenario-009,policy_threshold,0.0,0.5,0.9,continuous,1000000.0,0.007315927308231608,1883720.7824341084,1883720.7897500359,47693.21861474473,89.0,1883720.7897500359,0.9999999961162358,0.9999999961162358,71.0,1200000.0,330.0,157726841.09540185,0.13555047272612794,315.5,365.0,1.0,1,0.0,0.0
scenario-009,policy_threshold,0.0,0.5,0.9,burden_adaptive,1000000.0,528.7916511476323,1595834.7488406065,1596363.5404917542,479853.80198679265,86.0,1596363.5404917542,0.999668752362645,0.999668752362645,245.0,1200000.0,343.0,268310673.6890013,0.2867156928979155,328.5,221.0,0.6054794520547945,7,110583832.59359944,-144.0
scenario-010,policy_threshold,0.0,0.5,1.0,continuous,1000000.0,0.007315927308231608,1883720.7824341084,1883720.7897500359,47693.21861474473,89.0,1883720.7897500359,0.9999999961162358,0.9999999961162358,71.0,1200000.0,330.0,157726841.09540185,0.13555047272612794,315.5,365.0,1.0,1,0.0,0.0
scenario-010,policy_threshold,0.0,0.5,1.0,burden_adaptive,1000000.0,3989.7205174844794,1549353.788941768,1553343.5094592525,480582.62134814466,138.0,1553343.5094592525,0.99743152722293,0.99743152722293,235.0,1200000.0,345.0,288019333.7931695,0.33888245593328586,323.5,195.0,0.5342465753424658,7,130292492.69776765,-170.0
scenario-011,policy_threshold,0.0,0.5,1.1,continuous,1000000.0,0.007315927308231608,1883720.7824341084,1883720.7897500359,47693.21861474473,89.0,1883720.7897500359,0.9999999961162358,0.9999999961162358,71.0,1200000.0,330.0,157726841.09540185,0.13555047272612794,315.5,365.0,1.0,1,0.0,0.0
scenario-011,policy_threshold,0.0,0.5,1.1,burden_adaptive,1000000.0,1390.9348612644496,1538742.2836947283,1540133.2185559927,489280.6612102886,14.0,1540133.2185559927,0.9990968736700786,0.9990968736700786,260.0,1200000.0,346.0,292601661.5847788,0.3008828611059702,295.5,208.0,0.5698630136986301,6,134874820.48937693,-157.0
scenario-012,policy_threshold,0.0,0.75,0.9,continuous,1000000.0,0.007315927308231608,1883720.7824341084,1883720.7897500359,47693.21861474473,89.0,1883720.7897500359,0.9999999961162358,0.9999999961162358,71.0,1200000.0,330.0,157726841.09540185,0.13555047272612794,315.5,365.0,1.0,1,0.0,0.0
scenario-012,policy_threshold,0.0,0.75,0.9,burden_adaptive,1000000.0,6968.898323940715,1486918.590620235,1493887.488944176,714937.5671160349,31.0,1493887.488944176,0.9953350581114605,0.9953350581114605,273.0,1200000.0,348.0,315444395.9631499,0.33193426047285873,331.5,187.0,0.5123287671232877,22,157717554.86774805,-178.0
scenario-013,policy_threshold,0.0,0.75,1.0,continuous,1000000.0,0.007315927308231608,1883720.7824341084,1883720.7897500359,47693.21861474473,89.0,1883720.7897500359,0.9999999961162358,0.9999999961162358,71.0,1200000.0,330.0,157726841.09540185,0.13555047272612794,315.5,365.0,1.0,1,0.0,0.0
scenario-013,policy_threshold,0.0,0.75,1.0,burden_adaptive,1000000.0,7285.829490630072,1460739.7570038552,1468025.5864944851,715362.6527553808,80.0,1468025.5864944851,0.9950369873947307,0.9950369873947307,268.0,1200000.0,349.0,327287913.26243156,0.32713541551375636,319.5,186.0,0.5095890410958904,15,169561072.1670297,-179.0
scenario-014,policy_threshold,0.0,0.75,1.1,continuous,1000000.0,0.007315927308231608,1883720.7824341084,1883720.7897500359,47693.21861474473,89.0,1883720.7897500359,0.9999999961162358,0.9999999961162358,71.0,1200000.0,330.0,157726841.09540185,0.13555047272612794,315.5,365.0,1.0,1,0.0,0.0
scenario-014,policy_threshold,0.0,0.75,1.1,burden_adaptive,1000000.0,5543.525796029954,1436619.3847874047,1442162.9105834346,724482.8702461941,146.0,1442162.9105834346,0.9961561029233602,0.9961561029233602,282.0,1200000.0,351.0,338389566.5097165,0.3116824356930058,261.5,189.0,0.5178082191780822,12,180662725.41431466,-176.0
